CATALUNYA;GLOBAL;2021-10-03;2021-10-09;No;42.0213;0.78936;53.2346;21.8077;1689;1689.7059;78996;51871;1.6783;202;25;9;914;775;1056;796;65379;44974;19399;31854
CATALUNYA;GLOBAL;2021-10-02;2021-10-08;No;43.7998;0.806533;54.3063;22.4145;1736;1712.9727;80997;51672;1.6970;218;27;11;968;768;1114;787;67181;44838;19372;31729
CATALUNYA;GLOBAL;2021-10-01;2021-10-07;No;48.0518;0.854165;56.2559;23.7444;1839;1748.3634;83722;51688;1.7452;219;23;12;1027;812;1172;827;69668;44876;18947;30342
CATALUNYA;GLOBAL;2021-09-30;2021-10-06;No;52.5285;0.909729;57.7407;25.5262;1977;1753.9025;84809;51030;1.8436;214;24;14;1124;853;1257;862;70694;44245;19799;32822
CATALUNYA;GLOBAL;2021-09-29;2021-10-05;No;57.1357;0.961777;59.4063;27.3339;2117;1783.0312;85347;52748;1.8885;216;28;14;1195;922;1279;930;71272;45698;20454;35607
CATALUNYA;GLOBAL;2021-09-28;2021-10-04;No;61.1244;1.00939;60.5555;29.2319;2264;1837.0534;88447;53832;1.9749;214;31;15;1303;961;1404;974;73824;46586;21141;37160
CATALUNYA;GLOBAL;2021-09-27;2021-10-03;No;64.013;1.04111;61.4851;31.0782;2407;1871.4371;89243;55699;2.0077;236;32;15;1395;1012;1450;1014;74480;48248;23743;40459
CATALUNYA;GLOBAL;2021-09-26;2021-10-02;No;65.7592;1.06996;61.4593;31.4269;2434;1876.4726;89295;56037;2.0093;219;36;13;1392;1042;1440;1033;74521;48559;23794;41374
CATALUNYA;GLOBAL;2021-09-25;2021-10-01;No;68.0475;1.10049;61.8337;31.8917;2470;1873.3093;88912;56175;2.0185;214;37;13;1374;1096;1393;1087;74131;48734;23955;42424
CATALUNYA;GLOBAL;2021-09-24;2021-09-30;No;69.8111;1.12596;62.0016;32.5114;2518;1810.1068;86144;54048;2.1162;210;38;18;1379;1139;1390;1120;71651;46957;24969;45412
CATALUNYA;GLOBAL;2021-09-23;2021-09-29;No;69.2979;1.10845;62.5181;32.2145;2495;1796.5755;84848;54296;2.1319;220;35;18;1338;1157;1358;1148;70364;47186;25865;45711
CATALUNYA;GLOBAL;2021-09-22;2021-09-28;No;68.0166;1.08347;62.7763;32.0724;2484;1737.2336;81923;52625;2.2360;232;31;18;1323;1161;1389;1149;67761;45745;27961;43844
CATALUNYA;GLOBAL;2021-09-21;2021-09-27;No;66.3987;1.04375;63.6155;31.3236;2426;1671.9008;79636;49852;2.2317;224;36;22;1262;1164;1297;1141;65867;43377;30285;45140
CATALUNYA;GLOBAL;2021-09-20;2021-09-26;No;65.7802;1.01245;64.9713;30.4068;2355;1616.3937;78886;46303;2.2345;226;31;26;1210;1145;1236;1120;65158;40280;31200;46699
CATALUNYA;GLOBAL;2021-09-19;2021-09-25;No;63.9436;0.975074;65.5781;30.0324;2326;1600.6415;78549;45420;2.2554;233;29;29;1204;1122;1245;1108;64859;39470;31418;46965
CATALUNYA;GLOBAL;2021-09-18;2021-09-24;No;61.4335;0.931298;65.9655;29.9420;2319;1597.2716;79256;44452;2.2544;241;28;32;1197;1122;1250;1095;65432;38586;32320;48233
CATALUNYA;GLOBAL;2021-09-17;2021-09-23;No;58.8638;0.870864;67.5923;29.4901;2284;1628.6597;82153;43986;2.2106;255;32;30;1196;1088;1278;1065;67864;38125;37512;49924
CATALUNYA;GLOBAL;2021-09-16;2021-09-22;No;59.6596;0.856303;69.6711;30.3035;2347;1612.7010;83425;41478;2.2853;264;35;29;1243;1104;1308;1086;68814;35943;39451;49928
CATALUNYA;GLOBAL;2021-09-15;2021-09-21;No;61.056;0.848818;71.9306;30.7038;2378;1631.9006;87031;39359;2.3094;264;43;35;1243;1135;1318;1121;71527;34086;41845;51820
CATALUNYA;GLOBAL;2021-09-14;2021-09-20;No;64.6553;0.855549;75.5717;32.2919;2501;1622.3201;88384;37264;2.4870;270;38;32;1308;1193;1416;1184;72297;32248;44257;52430
CATALUNYA;GLOBAL;2021-09-13;2021-09-19;No;68.4312;0.860803;79.4968;34.5644;2677;1586.4258;87758;35110;2.7398;272;42;32;1395;1282;1504;1287;71580;30290;46881;54195
CATALUNYA;GLOBAL;2021-09-12;2021-09-18;No;70.7764;0.868303;81.5111;35.5457;2753;1581.5581;87635;34856;2.8024;278;43;34;1434;1319;1526;1320;71482;30075;47577;56226
CATALUNYA;GLOBAL;2021-09-11;2021-09-17;No;72.5153;0.868586;83.4865;36.0234;2790;1565.1087;86717;34500;2.8644;281;48;36;1456;1334;1533;1344;70670;29771;48244;54941
CATALUNYA;GLOBAL;2021-09-10;2021-09-16;No;75.7669;0.875446;86.5466;38.1022;2951;1556.9744;86891;33696;3.0813;282;58;43;1554;1397;1660;1410;70613;29020;50880;63221
CATALUNYA;GLOBAL;2021-09-09;2021-09-15;No;78.7152;0.884442;88.9998;39.3675;3049;1591.0223;90448;32776;3.1574;286;62;52;1576;1473;1723;1476;73077;28239;55450;68076
CATALUNYA;GLOBAL;2021-09-08;2021-09-14;No;82.6774;0.897579;92.1115;41.2268;3193;1616.8714;92533;32693;3.2496;296;59;52;1631;1562;1773;1564;74565;28123;58772;74395
CATALUNYA;GLOBAL;2021-09-07;2021-09-13;No;86.6311;0.907553;95.4556;43.2797;3352;1624.6313;92859;32968;3.3674;317;63;60;1705;1647;1796;1667;74596;28242;63902;81787
CATALUNYA;GLOBAL;2021-09-06;2021-09-12;No;90.9921;0.914759;99.4711;44.9324;3480;1620.2414;92359;33128;3.5410;336;71;68;1731;1749;1858;1771;74059;28426;65544;98689
CATALUNYA;GLOBAL;2021-09-05;2021-09-11;No;93.2623;0.92026;101.3433;45.9653;3560;1620.2155;92126;33359;3.5992;345;76;71;1731;1829;1861;1827;73836;28630;65624;99484
CATALUNYA;GLOBAL;2021-09-04;2021-09-10;No;95.5126;0.918477;103.9902;47.4631;3676;1639.2344;92640;34318;3.6647;358;84;72;1791;1885;1920;1880;74237;29454;66238;109395
CATALUNYA;GLOBAL;2021-09-03;2021-09-09;No;96.8802;0.892722;108.5222;48.4444;3752;1646.2583;91672;35830;3.6889;394;89;74;1730;2022;1815;2026;73317;30805;64165;119411
CATALUNYA;GLOBAL;2021-09-02;2021-09-08;No;98.2096;0.86044;114.1387;49.6322;3844;1676.8976;92461;37414;3.6870;424;90;71;1746;2098;1806;2106;73948;32154;63906;133052
CATALUNYA;GLOBAL;2021-09-01;2021-09-07;No;99.0752;0.828833;119.5358;50.8847;3941;1699.0281;93215;38374;3.7113;433;103;75;1781;2160;1843;2145;74345;33112;62679;148615
CATALUNYA;GLOBAL;2021-08-31;2021-09-06;No;101.028;0.804421;125.5914;52.1758;4041;1726.5815;92594;41129;3.7739;450;103;74;1775;2266;1882;2248;73836;35599;60351;169303
CATALUNYA;GLOBAL;2021-08-30;2021-09-05;No;106.088;0.790201;134.2551;54.5387;4224;1767.9762;93015;43914;3.8559;452;106;66;1778;2446;1895;2423;73996;37987;60476;165355
CATALUNYA;GLOBAL;2021-08-29;2021-09-04;No;107.407;0.781898;137.3668;55.3779;4289;1790.5457;93164;45513;3.8816;455;109;64;1814;2475;1941;2468;74121;39466;60530;168609
CATALUNYA;GLOBAL;2021-08-28;2021-09-03;No;110.001;0.775704;141.8084;56.5271;4378;1801.3269;92235;47277;3.9397;483;101;67;1831;2547;1969;2540;73336;41113;59968;168566
CATALUNYA;GLOBAL;2021-08-27;2021-09-02;No;116.758;0.772562;151.1306;60.0778;4653;1822.9281;91501;49684;4.1575;496;96;65;1953;2700;2117;2704;72643;43316;60547;179519
CATALUNYA;GLOBAL;2021-08-26;2021-09-01;No;124.444;0.773776;160.8272;64.5064;4996;1818.5769;89164;51684;4.4682;507;103;69;2078;2918;2261;2913;70688;45109;58931;189624
CATALUNYA;GLOBAL;2021-08-25;2021-08-31;No;132.223;0.778579;169.8266;68.6511;5317;1832.1082;88164;53732;4.7646;535;102;82;2175;3142;2394;3170;69833;46944;60712;198103
CATALUNYA;GLOBAL;2021-08-24;2021-08-30;No;140.913;0.788387;178.7356;73.4155;5686;1822.8506;87192;53987;5.1305;558;113;82;2315;3371;2570;3390;68946;47223;60847;201728
CATALUNYA;GLOBAL;2021-08-23;2021-08-29;No;152.872;0.798533;191.4407;79.7163;6174;1836.8856;87329;54937;5.5100;582;112;87;2496;3678;2756;3698;69053;48080;65252;203759
CATALUNYA;GLOBAL;2021-08-22;2021-08-28;No;159.283;0.809371;196.7990;81.9888;6350;1837.7894;87185;55151;5.6522;609;114;93;2534;3816;2785;3834;68875;48229;65696;200438
CATALUNYA;GLOBAL;2021-08-21;2021-08-27;No;166.619;0.821317;202.8674;85.2812;6605;1847.5893;87258;55837;5.8932;618;122;91;2611;3994;2904;4029;68883;48761;66788;201889
CATALUNYA;GLOBAL;2021-08-20;2021-08-26;No;178.207;0.841129;211.8668;91.0527;7052;1866.1949;87926;56610;6.2115;614;149;96;2741;4311;3042;4333;69305;49427;74698;192080
CATALUNYA;GLOBAL;2021-08-19;2021-08-25;No;188.921;0.856013;220.6984;96.3207;7460;1892.6638;89437;57149;6.4916;627;133;100;2896;4564;3223;4593;70391;50011;80201;180078
CATALUNYA;GLOBAL;2021-08-18;2021-08-24;No;200.438;0.864501;231.8540;101.1755;7836;1884.5036;88142;57812;6.8283;659;138;91;3019;4817;3340;4849;69304;50623;82584;166881
CATALUNYA;GLOBAL;2021-08-17;2021-08-23;No;210.652;0.866569;243.0872;105.3201;8157;1895.4398;88234;58567;7.0939;671;139;110;3092;5065;3451;5112;69331;51379;89546;154058
CATALUNYA;GLOBAL;2021-08-16;2021-08-22;No;223.185;0.867272;257.3416;111.7243;8653;1910.0170;88430;59500;7.4320;703;139;114;3252;5401;3579;5455;69358;52197;107868;145644
CATALUNYA;GLOBAL;2021-08-15;2021-08-21;No;227.292;0.86411;263.0356;114.8101;8892;1917.9318;88803;59740;7.5872;743;149;119;3293;5599;3632;5632;69655;52446;108927;143753
CATALUNYA;GLOBAL;2021-08-14;2021-08-20;No;230.543;0.855598;269.4527;117.5861;9107;1928.7389;89238;60142;7.6607;787;162;125;3335;5772;3619;5789;69940;52868;122036;138414
CATALUNYA;GLOBAL;2021-08-13;2021-08-19;No;236.798;0.84074;281.6542;120.8140;9357;1950.9081;90646;60451;7.8451;831;146;126;3441;5916;3816;5917;70913;53151;132939;139733
CATALUNYA;GLOBAL;2021-08-12;2021-08-18;No;244.528;0.831076;294.2301;124.3777;9633;1973.8521;92021;60853;7.9971;868;166;127;3521;6112;3943;6109;72173;53522;144352;149544
CATALUNYA;GLOBAL;2021-08-11;2021-08-17;No;255.217;0.824907;309.3884;130.6785;10121;1999.4171;93738;61116;8.2986;876;170;133;3706;6415;4164;6414;73694;53773;164383;145145
CATALUNYA;GLOBAL;2021-08-10;2021-08-16;No;268.048;0.818813;327.3614;137.7670;10670;2036.9383;95662;62098;8.5453;933;177;130;3954;6716;4392;6707;75237;54647;191847;133787
CATALUNYA;GLOBAL;2021-08-09;2021-08-15;No;284.137;0.812461;349.7243;145.6173;11278;2071.3865;97167;63261;8.9258;978;231;139;4125;7153;4647;7148;76320;55825;189430;128779
CATALUNYA;GLOBAL;2021-08-08;2021-08-14;No;288.382;0.809799;356.1155;148.2254;11480;2081.9741;97817;63431;9.0267;994;225;136;4210;7270;4743;7247;76861;55967;194805;132099
CATALUNYA;GLOBAL;2021-08-07;2021-08-13;No;296.565;0.809587;366.3157;151.8665;11762;2107.4487;98998;64223;9.1311;1010;218;145;4287;7475;4859;7435;77891;56748;192879;126132
CATALUNYA;GLOBAL;2021-08-06;2021-08-12;No;314.49;0.805834;390.2668;160.8401;12457;2169.1146;101711;66286;9.3838;1040;217;148;4578;7879;5126;7888;80103;58583;192925;121159
CATALUNYA;GLOBAL;2021-08-05;2021-08-11;No;330.457;0.79898;413.5981;169.8524;13155;2199.1858;102317;68009;9.7727;1081;230;148;4827;8328;5390;8371;80610;60201;206995;107332
CATALUNYA;GLOBAL;2021-08-04;2021-08-10;No;348.746;0.789612;441.6680;178.7098;13841;2263.2921;105557;69734;9.9866;1164;251;154;5058;8783;5655;8819;83092;61842;222109;98808
CATALUNYA;GLOBAL;2021-08-03;2021-08-09;No;370.15;0.779846;474.6443;189.5943;14684;2323.7830;108247;71729;10.3588;1215;272;150;5334;9350;6062;9388;85385;63764;223590;95209
CATALUNYA;GLOBAL;2021-08-02;2021-08-08;No;399.517;0.770958;518.2081;204.1070;15808;2395.4555;110803;74724;10.6654;1222;247;146;5736;10072;6415;10014;87485;66555;215423;103815
CATALUNYA;GLOBAL;2021-08-01;2021-08-07;No;407.198;0.761458;534.7608;207.8901;16101;2426.4176;112089;75836;10.7180;1244;261;148;5850;10251;6544;10196;88602;67584;213220;108014
CATALUNYA;GLOBAL;2021-07-31;2021-08-06;No;415.749;0.748026;555.7939;214.4492;16609;2468.8193;113192;78017;10.8234;1289;283;149;6043;10566;6709;10514;89648;69480;206558;122473
CATALUNYA;GLOBAL;2021-07-30;2021-08-05;No;439.185;0.740191;593.3409;229.4267;17769;2584.4688;116830;83336;11.1055;1412;302;157;6365;11404;7209;11350;92793;74323;208715;129272
CATALUNYA;GLOBAL;2021-07-29;2021-08-04;No;468.499;0.738868;634.0771;243.7457;18878;2684.5726;120877;87042;11.3299;1458;318;162;6742;12136;7627;12090;96248;77778;198719;142577
CATALUNYA;GLOBAL;2021-07-28;2021-08-03;No;507.086;0.741766;683.6190;262.9582;20366;2781.5777;124887;90545;11.7562;1542;306;162;7246;13120;8177;13077;99803;80987;185478;163156
CATALUNYA;GLOBAL;2021-07-27;2021-08-02;No;548.633;0.746774;734.6716;285.0500;22077;2891.7268;130532;93431;12.2909;1602;305;164;7729;14348;8741;14385;104446;83709;176984;175031
CATALUNYA;GLOBAL;2021-07-26;2021-08-01;No;601.862;0.753478;798.7778;314.1011;24327;2971.6756;133455;96700;13.1263;1696;301;157;8366;15961;9401;16089;107259;86931;176122;175750
CATALUNYA;GLOBAL;2021-07-25;2021-07-31;No;627.795;0.759465;826.6282;326.8707;25316;2994.7745;134100;97844;13.5079;1775;314;167;8573;16743;9577;16864;107683;88062;173903;182991
CATALUNYA;GLOBAL;2021-07-24;2021-07-30;No;658.478;0.766543;859.0234;341.3446;26437;3021.2950;136018;97980;13.9489;1819;301;174;8921;17516;9982;17583;109277;88337;177208;181939
CATALUNYA;GLOBAL;2021-07-23;2021-07-29;No;706.93;0.78098;905.1825;363.9142;28185;3108.4614;141525;99224;14.4064;1830;299;162;9573;18612;10685;18665;113846;89883;173262;198609
CATALUNYA;GLOBAL;2021-07-22;2021-07-28;No;761.959;0.796864;956.1963;390.3314;30231;3164.5753;142622;102473;15.1414;1872;289;151;10264;19967;11421;20093;115075;93056;172024;205225
CATALUNYA;GLOBAL;2021-07-21;2021-07-27;No;820.669;0.814158;1007.9978;420.6608;32580;3182.2642;139965;106500;16.1620;1889;298;138;10982;21598;12268;21798;113810;96968;154417;219537
CATALUNYA;GLOBAL;2021-07-20;2021-07-26;No;876.773;0.830397;1055.8483;449.6216;34823;3191.7801;136640;110562;17.0758;1955;318;126;11840;22983;13161;23221;112169;100893;146699;232075
CATALUNYA;GLOBAL;2021-07-19;2021-07-25;No;935.523;0.84823;1102.9112;484.6766;37538;3243.4008;137429;113771;17.9734;1942;301;134;12428;25110;13715;25328;113175;104052;141031;261619
CATALUNYA;GLOBAL;2021-07-18;2021-07-24;No;974.302;0.866889;1123.9055;499.7574;38706;3257.7972;138007;114308;18.4198;1926;281;114;12678;26028;14059;26208;113916;104691;141251;262945
CATALUNYA;GLOBAL;2021-07-17;2021-07-23;No;1026.97;0.897169;1144.6803;517.6787;40094;3271.0962;138771;114574;18.9301;1927;283;91;13048;27046;14401;27246;114922;105082;139415;272965
CATALUNYA;GLOBAL;2021-07-16;2021-07-22;No;1096.24;0.931786;1176.4945;541.2683;41921;3220.7925;135008;114441;20.0253;1916;285;93;13328;28593;14728;28895;112615;105224;139296;276043
CATALUNYA;GLOBAL;2021-07-15;2021-07-21;No;1157.35;0.956252;1210.2972;565.8649;43826;3194.3108;131496;115902;20.9418;1899;276;86;13723;30103;15149;30384;110754;106672;161886;271383
CATALUNYA;GLOBAL;2021-07-14;2021-07-20;No;1202.05;0.967555;1242.3568;587.3370;45489;3184.4076;129774;116857;21.6812;1849;262;79;14156;31333;15629;31616;110109;107799;178627;279481
CATALUNYA;GLOBAL;2021-07-13;2021-07-19;No;1232.12;0.976677;1261.5434;606.2267;46952;3229.4821;132922;117200;21.9569;1743;219;76;14437;32515;15878;32728;113049;108321;168734;302820
CATALUNYA;GLOBAL;2021-07-12;2021-07-18;No;1238.25;0.988689;1252.4149;618.2345;47882;3245.9702;134833;116566;22.1372;1714;226;59;14810;33072;16316;33075;115165;107948;182456;312369
CATALUNYA;GLOBAL;2021-07-11;2021-07-17;No;1259.25;1.01258;1243.6092;624.1480;48340;3259.9664;135228;117255;22.1280;1667;224;56;15020;33320;16417;33201;115645;108587;198452;318077
CATALUNYA;GLOBAL;2021-07-10;2021-07-16;No;1317.86;1.06817;1233.7576;627.0015;48561;3302.0583;137933;117810;21.8959;1572;214;53;15205;33356;16673;33126;118281;109154;212080;343060
CATALUNYA;GLOBAL;2021-07-09;2021-07-15;No;1414.88;1.16218;1217.4373;635.2262;49198;3414.9705;147436;117052;21.3660;1452;202;36;16286;32912;17882;32589;127643;108578;221373;366163
CATALUNYA;GLOBAL;2021-07-08;2021-07-14;No;1478.54;1.23601;1196.2235;644.4322;49911;3494.2479;155217;115411;21.0992;1357;193;35;17351;32560;19048;32140;135392;107214;219195;398424
CATALUNYA;GLOBAL;2021-07-07;2021-07-13;No;1509.73;1.29133;1169.1349;655.0197;50731;3547.7666;161396;113377;20.9511;1222;176;28;18308;32423;19965;31802;141774;105311;217106;426506
CATALUNYA;GLOBAL;2021-07-06;2021-07-12;No;1496.84;1.33559;1120.7292;655.3167;50754;3535.9395;163500;110357;20.7694;1109;162;22;19029;31725;20436;30909;144639;102576;237288;445296
CATALUNYA;GLOBAL;2021-07-05;2021-07-11;No;1439.19;1.37466;1046.9393;634.1804;49117;3486.1523;164729;105272;20.0933;970;148;19;19306;29811;20264;28854;146481;97969;241946;458078
CATALUNYA;GLOBAL;2021-07-04;2021-07-10;No;1450.06;1.43122;1013.1625;619.4611;47977;3479.9031;165859;103658;19.7297;881;127;19;19121;28856;20132;28025;147588;96496;245147;459235
CATALUNYA;GLOBAL;2021-07-03;2021-07-09;No;1529.86;1.58046;967.9847;606.7561;46993;3486.7462;168585;101462;19.2965;810;113;18;19094;27899;20100;27119;150220;94483;249758;451832
CATALUNYA;GLOBAL;2021-07-02;2021-07-08;No;1748.31;1.96819;888.2812;582.2111;45092;3378.0045;163836;97789;18.9066;723;91;17;18510;26582;19193;25696;146366;91059;260752;461543
CATALUNYA;GLOBAL;2021-07-01;2021-07-07;No;1928.3;2.44078;790.0366;551.7913;42736;3234.4143;156225;94279;18.5019;632;79;13;17488;25248;17874;24216;139718;87772;258361;466550
CATALUNYA;GLOBAL;2021-06-30;2021-07-06;No;2003.32;2.90447;689.7391;514.1151;39818;3053.6902;146671;89836;18.0798;573;71;14;16312;23506;16511;22351;131205;83742;285621;443063
CATALUNYA;GLOBAL;2021-06-29;2021-07-05;No;1950.04;3.27657;595.1485;465.4125;36046;2864.8964;138276;83609;17.3902;509;69;13;14928;21118;15128;19943;123767;77904;300695;422356
CATALUNYA;GLOBAL;2021-06-28;2021-07-04;No;1728.88;3.423;505.0770;412.7589;31968;2693.7270;130431;78197;16.4905;473;65;12;13382;18586;13754;17540;116950;72820;311435;412612
CATALUNYA;GLOBAL;2021-06-27;2021-07-03;No;1648.76;3.48248;473.4435;393.7013;30492;2615.2243;126780;75768;16.1665;444;67;10;12882;17610;13181;16601;113704;70517;315538;415219
CATALUNYA;GLOBAL;2021-06-26;2021-07-02;No;1471.32;3.40006;432.7331;361.2286;27977;2451.0400;117574;72258;15.7544;411;68;8;11789;16188;11966;15227;105394;67212;311398;420186
CATALUNYA;GLOBAL;2021-06-25;2021-07-01;No;1130.29;3.08187;366.7547;306.0701;23705;2176.9133;102563;66038;14.8690;369;59;8;9771;13934;9817;12994;92037;61376;301885;393100
CATALUNYA;GLOBAL;2021-06-24;2021-06-30;No;782.949;2.60555;300.4923;238.2453;18452;1773.0117;83808;53511;14.0735;339;51;8;7590;10862;7575;10031;75363;49737;267267;335954
CATALUNYA;GLOBAL;2021-06-23;2021-06-29;No;502.08;2.16057;232.3834;175.6239;13602;1569.0855;74084;47441;11.6080;308;51;8;5761;7841;5659;7207;66830;44007;257532;321802
CATALUNYA;GLOBAL;2021-06-22;2021-06-28;No;325.205;1.78821;181.8602;129.7360;10048;1408.7876;65217;43893;9.4476;299;56;9;4212;5836;4073;5335;58922;40659;274467;321537
CATALUNYA;GLOBAL;2021-06-21;2021-06-27;No;226.933;1.61439;140.5688;92.3181;7150;1308.0640;60948;40361;7.4225;296;52;10;3076;4074;3079;3771;54959;37328;281410;305493
CATALUNYA;GLOBAL;2021-06-20;2021-06-26;No;189.664;1.49571;126.8050;79.7422;6176;1274.8166;60049;38685;6.6143;285;59;10;2805;3371;2835;3110;54123;35758;273845;296011
CATALUNYA;GLOBAL;2021-06-19;2021-06-25;No;168.331;1.42795;117.8831;71.5045;5538;1252.7377;59583;37441;6.1520;294;54;9;2598;2940;2695;2737;53695;34602;289755;270547
CATALUNYA;GLOBAL;2021-06-18;2021-06-24;No;143.442;1.36263;105.2684;60.6846;4700;1221.0784;59420;35152;5.3263;298;57;10;2321;2379;2363;2222;53569;32514;319915;254163
CATALUNYA;GLOBAL;2021-06-17;2021-06-23;No;141.642;1.33815;105.8495;62.2469;4821;1371.7054;67305;38933;4.9412;304;63;13;2437;2384;2516;2263;60709;36008;368820;277367
CATALUNYA;GLOBAL;2021-06-16;2021-06-22;No;127.266;1.28678;98.9030;56.7595;4396;1356.7150;67938;37139;4.5854;308;64;15;2237;2159;2303;2082;61259;34370;379184;266181
CATALUNYA;GLOBAL;2021-06-15;2021-06-21;No;116.935;1.24352;94.0353;52.1242;4037;1373.5260;70699;35680;4.1559;308;61;12;2091;1946;2146;1873;63706;33001;374746;236090
CATALUNYA;GLOBAL;2021-06-14;2021-06-20;No;110.022;1.2147;90.5750;48.2507;3737;1372.3768;71691;34599;3.8935;301;60;15;1988;1749;2056;1708;64624;32049;388595;205334
CATALUNYA;GLOBAL;2021-06-13;2021-06-19;No;106.09;1.18549;89.4904;47.0628;3645;1371.7183;71960;34279;3.8201;310;55;14;1949;1696;2034;1657;64882;31738;384920;198423
CATALUNYA;GLOBAL;2021-06-12;2021-06-18;No;101.774;1.13383;89.7616;46.3785;3592;1362.2283;71756;33748;3.7855;299;56;15;1925;1667;2000;1634;64744;31253;377292;195317
CATALUNYA;GLOBAL;2021-06-11;2021-06-17;No;92.9635;1.04272;89.1547;44.5838;3453;1361.5956;72324;33131;3.6565;308;62;16;1851;1602;1937;1567;65162;30667;378676;192237
CATALUNYA;GLOBAL;2021-06-10;2021-06-16;No;88.0208;0.993467;88.5995;43.6025;3377;1349.4845;71563;32954;3.6397;312;61;16;1842;1535;1943;1512;64410;30515;367509;200133
CATALUNYA;GLOBAL;2021-06-09;2021-06-15;No;85.022;0.9678;87.8507;42.1435;3264;1354.7137;72046;32876;3.4980;312;61;12;1796;1468;1902;1433;64877;30463;355703;213054
CATALUNYA;GLOBAL;2021-06-08;2021-06-14;No;84.754;0.960093;88.2767;41.9111;3246;1359.2328;71943;33329;3.4978;320;58;15;1769;1477;1884;1463;64808;30880;330207;232070
CATALUNYA;GLOBAL;2021-06-07;2021-06-13;No;86.2183;0.96011;89.8003;42.3243;3278;1375.7855;72779;33775;3.5066;324;62;14;1772;1506;1911;1485;65538;31308;320520;236673
CATALUNYA;GLOBAL;2021-06-06;2021-06-12;No;87.2966;0.96587;90.3813;42.4276;3286;1374.4298;72607;33842;3.5321;312;65;16;1772;1514;1914;1504;65390;31380;316204;237512
CATALUNYA;GLOBAL;2021-06-05;2021-06-11;No;88.8914;0.973915;91.2722;43.3830;3360;1381.5441;73186;33814;3.5673;311;67;15;1800;1560;1921;1549;65935;31337;308464;246293
CATALUNYA;GLOBAL;2021-06-04;2021-06-10;No;91.2077;0.974344;93.6092;44.5709;3452;1380.4724;73959;32958;3.6269;318;62;15;1855;1597;1985;1541;66614;30605;269972;275498
CATALUNYA;GLOBAL;2021-06-03;2021-06-09;No;92.3892;0.965134;95.7268;44.9970;3485;1412.5191;76004;33395;3.5460;344;68;15;1884;1601;1985;1544;68486;31035;252849;277103
CATALUNYA;GLOBAL;2021-06-02;2021-06-08;No;93.7589;0.95184;98.5028;45.7071;3540;1448.7491;78266;33939;3.5212;359;70;21;1928;1612;2036;1557;70503;31536;229224;285044
CATALUNYA;GLOBAL;2021-06-01;2021-06-07;No;95.6714;0.936634;102.1438;46.3656;3591;1478.5750;80938;33577;3.5161;364;71;20;1984;1607;2135;1529;72939;31268;206440;293157
CATALUNYA;GLOBAL;2021-05-31;2021-06-06;No;94.888;0.934397;101.5499;47.4760;3677;1501.4802;82464;33825;3.5030;394;70;23;2045;1632;2172;1536;74396;31456;164097;305527
CATALUNYA;GLOBAL;2021-05-30;2021-06-05;No;95.9804;0.937407;102.3892;47.9537;3714;1512.8424;83032;34137;3.5125;402;64;22;2071;1643;2199;1549;74924;31781;156043;314942
CATALUNYA;GLOBAL;2021-05-29;2021-06-04;No;99.9382;0.976554;102.3375;47.8892;3709;1516.5352;83301;34154;3.5158;418;68;24;2084;1625;2226;1534;75114;31831;141933;315547
CATALUNYA;GLOBAL;2021-05-28;2021-06-03;No;104.938;1.01125;103.7707;49.0383;3798;1560.3056;85492;35353;3.5566;426;73;28;2182;1616;2331;1584;77155;32921;135114;306433
CATALUNYA;GLOBAL;2021-05-27;2021-06-02;No;111.106;1.04902;105.9140;50.7297;3929;1563.2107;85470;35600;3.7092;415;75;25;2233;1696;2430;1658;77099;33112;137948;281879
CATALUNYA;GLOBAL;2021-05-26;2021-06-01;No;114.67;1.06284;107.8895;52.7956;4089;1581.2612;86432;36036;3.8024;443;77;24;2361;1728;2541;1702;78022;33564;145131;244553
CATALUNYA;GLOBAL;2021-05-25;2021-05-31;No;118.017;1.07218;110.0716;55.7782;4320;1603.8952;86528;37693;3.9326;450;89;25;2498;1822;2653;1798;78044;35139;154262;217316
CATALUNYA;GLOBAL;2021-05-24;2021-05-30;No;118.763;1.05884;112.1633;54.0738;4188;1499.1432;81242;34866;4.0763;425;92;28;2428;1760;2543;1767;73205;32529;149632;194794
CATALUNYA;GLOBAL;2021-05-23;2021-05-29;No;118.631;1.04957;113.0283;54.4354;4216;1499.4918;81470;34665;4.1054;426;98;30;2448;1768;2563;1777;73395;32320;150329;181934
CATALUNYA;GLOBAL;2021-05-22;2021-05-28;No;114.459;1.0069;113.6739;54.4483;4217;1491.8352;80784;34758;4.1193;423;98;30;2418;1799;2530;1803;72777;32410;154367;162448
CATALUNYA;GLOBAL;2021-05-21;2021-05-27;No;113.288;0.989745;114.4615;54.7323;4239;1479.3755;79758;34819;4.1916;431;106;29;2413;1826;2550;1820;71753;32503;164607;143396
CATALUNYA;GLOBAL;2021-05-20;2021-05-26;No;112.358;0.977978;114.8876;55.1842;4274;1507.2130;81884;34849;4.0792;446;99;33;2461;1813;2541;1791;73652;32544;183366;128293
CATALUNYA;GLOBAL;2021-05-19;2021-05-25;No;114.375;0.980006;116.7082;55.0939;4267;1527.7683;83277;35048;4.0505;431;100;35;2457;1810;2566;1788;74780;32712;207992;116825
CATALUNYA;GLOBAL;2021-05-18;2021-05-24;No;115.736;0.982541;117.7927;54.2933;4205;1561.2223;85997;34919;3.8691;441;94;38;2459;1746;2526;1726;77316;32580;233348;101059
CATALUNYA;GLOBAL;2021-05-17;2021-05-23;No;122.902;0.989262;124.2356;58.0894;4499;1705.4839;93409;38680;3.8677;465;102;36;2628;1871;2794;1849;83901;36143;252063;93937
CATALUNYA;GLOBAL;2021-05-16;2021-05-22;No;123.442;0.98127;125.7979;58.5929;4538;1707.2012;93265;38957;3.8538;480;104;39;2668;1870;2784;1847;83761;36405;261749;84894
CATALUNYA;GLOBAL;2021-05-15;2021-05-21;No;122.457;0.952905;128.5094;59.2256;4587;1731.5654;94969;39140;3.8451;507;108;40;2718;1869;2841;1846;85339;36557;270909;75563
CATALUNYA;GLOBAL;2021-05-14;2021-05-20;No;119.998;0.892178;134.5004;59.7291;4626;1785.0712;98586;39667;3.7564;549;105;43;2727;1899;2818;1898;88535;37012;290867;57700
CATALUNYA;GLOBAL;2021-05-13;2021-05-19;No;118.086;0.840289;140.5301;59.7033;4624;1803.2766;99727;39936;3.7912;584;116;49;2761;1863;2931;1877;89556;37264;294183;71452
CATALUNYA;GLOBAL;2021-05-12;2021-05-18;No;119.173;0.806599;147.7477;61.6142;4772;1839.0934;102517;39920;3.8649;605;128;48;2924;1848;3136;1858;91980;37234;293309;81841
CATALUNYA;GLOBAL;2021-05-11;2021-05-17;No;122.717;0.781544;157.0183;63.4993;4918;1854.4712;103675;39953;3.9646;623;132;56;3044;1874;3260;1901;92928;37250;289548;83051
CATALUNYA;GLOBAL;2021-05-10;2021-05-16;No;128.457;0.769921;166.8440;66.1462;5123;1864.5810;104175;40236;4.1025;665;135;55;3167;1956;3379;1992;93434;37487;301206;82319
CATALUNYA;GLOBAL;2021-05-09;2021-05-15;No;130.968;0.76664;170.8337;67.2050;5205;1870.7011;104569;40316;4.1546;681;144;62;3176;2029;3406;2051;93802;37546;300963;82322
CATALUNYA;GLOBAL;2021-05-08;2021-05-14;No;135.823;0.779104;174.3327;69.2837;5366;1885.8335;105577;40480;4.2620;706;141;69;3274;2092;3510;2132;94666;37712;298661;82364
CATALUNYA;GLOBAL;2021-05-07;2021-05-13;No;148.332;0.800075;185.3980;74.7712;5791;1958.0095;110248;41399;4.4454;733;152;70;3613;2178;3910;2210;99085;38586;298508;90252
CATALUNYA;GLOBAL;2021-05-06;2021-05-12;No;161.825;0.821157;197.0701;80.8267;6260;2073.9818;118236;42393;4.5285;778;160;73;3925;2335;4228;2381;106431;39510;274130;114182
CATALUNYA;GLOBAL;2021-05-05;2021-05-11;No;173.57;0.835429;207.7609;86.1334;6671;2143.6787;122847;43180;4.6249;818;155;84;4205;2466;4464;2516;110697;40226;253187;147711
CATALUNYA;GLOBAL;2021-05-04;2021-05-10;No;187.464;0.851506;220.1561;93.5189;7243;2240.8129;129312;44238;4.8550;860;160;86;4626;2617;4981;2681;116605;41212;242364;167203
CATALUNYA;GLOBAL;2021-05-03;2021-05-09;No;200.15;0.86005;232.7191;100.6977;7799;2304.3768;133590;44883;5.0124;851;161;98;5009;2790;5289;2844;120457;41799;247348;166241
CATALUNYA;GLOBAL;2021-05-02;2021-05-08;No;206.052;0.868024;237.3802;103.6287;8026;2325.5907;134975;45141;5.1109;874;155;99;5140;2886;5429;2942;121733;42055;243621;166241
CATALUNYA;GLOBAL;2021-05-01;2021-05-07;No;211.96;0.872925;242.8160;105.0490;8136;2321.9754;134758;45078;5.1689;891;163;96;5190;2946;5460;2995;121592;41982;241561;166146
CATALUNYA;GLOBAL;2021-04-30;2021-05-06;No;223.608;0.890264;251.1698;110.6268;8568;2372.3953;138463;45278;5.3473;928;151;105;5473;3095;5756;3183;124961;42206;236814;179178
CATALUNYA;GLOBAL;2021-04-29;2021-05-05;No;234.585;0.908063;258.3358;116.2433;9003;2351.6334;136539;45594;5.6101;934;157;107;5768;3235;5986;3313;123183;42573;225571;185948
CATALUNYA;GLOBAL;2021-04-28;2021-05-04;No;246.725;0.928106;265.8374;121.6275;9420;2372.2662;137303;46428;5.8110;961;165;105;5935;3485;6186;3541;123989;43399;210295;191583
CATALUNYA;GLOBAL;2021-04-27;2021-05-03;No;257.709;0.942773;273.3520;126.6372;9808;2394.1643;138222;47205;5.9604;986;173;112;6136;3672;6368;3716;124977;44206;199472;184129
CATALUNYA;GLOBAL;2021-04-26;2021-05-02;No;266.916;0.959191;278.2713;132.0213;10225;2436.3853;140556;48141;6.1117;1039;182;104;6386;3839;6669;3873;127295;45193;180569;184643
CATALUNYA;GLOBAL;2021-04-25;2021-05-01;No;272.726;0.976944;279.1622;133.7515;10359;2432.6410;139854;48553;6.1682;1052;196;105;6418;3941;6671;3954;126642;45613;171175;184667
CATALUNYA;GLOBAL;2021-04-24;2021-04-30;No;284.921;1.01039;281.9899;137.7670;10670;2474.8491;142605;49071;6.2190;1056;192;111;6665;4005;6897;4000;129086;46135;154145;185065
CATALUNYA;GLOBAL;2021-04-23;2021-04-29;No;296.344;1.03901;285.2178;140.5430;10885;2451.1821;141242;48601;6.3762;1036;209;108;6802;4083;7032;4037;127882;45718;140269;149348
CATALUNYA;GLOBAL;2021-04-22;2021-04-28;No;302.988;1.05633;286.8318;142.0924;11005;2469.9039;142818;48475;6.4526;1058;211;105;6844;4161;7167;4113;129220;45592;153896;131910
CATALUNYA;GLOBAL;2021-04-21;2021-04-27;No;307.252;1.06396;288.7814;144.2099;11169;2475.4172;143402;48318;6.5296;1085;214;103;6947;4222;7230;4211;129719;45499;159624;123152
CATALUNYA;GLOBAL;2021-04-20;2021-04-26;No;308.865;1.07161;288.2262;146.7148;11363;2469.0130;143320;47904;6.6297;1086;217;97;7076;4287;7325;4261;129626;45133;156341;129757
CATALUNYA;GLOBAL;2021-04-19;2021-04-25;No;310.156;1.06757;290.5245;146.2500;11327;2451.0659;142208;47626;6.6159;1112;207;104;6996;4331;7171;4304;128604;44842;142763;129881
CATALUNYA;GLOBAL;2021-04-18;2021-04-24;No;308.304;1.0646;289.5948;145.4107;11262;2442.7766;141775;47417;6.6027;1129;192;100;6981;4281;7150;4262;128226;44612;142151;129853
CATALUNYA;GLOBAL;2021-04-17;2021-04-23;No;303.663;1.05332;288.2908;144.2228;11170;2426.5725;140653;47284;6.6198;1140;207;101;6867;4303;7091;4282;127295;44507;142272;129367
CATALUNYA;GLOBAL;2021-04-16;2021-04-22;No;304.174;1.04871;290.0468;144.6747;11205;2428.5609;140508;47583;6.6334;1168;208;105;6851;4354;7081;4313;126957;44809;154236;135001
CATALUNYA;GLOBAL;2021-04-15;2021-04-21;No;301.653;1.02762;293.5458;144.7393;11210;2422.9831;140498;47161;6.5854;1162;208;110;6847;4363;6994;4303;127050;44497;184646;108866
CATALUNYA;GLOBAL;2021-04-14;2021-04-20;No;299.411;1.01237;295.7537;144.5714;11197;2447.3086;143059;46484;6.5029;1165;210;123;6851;4346;6985;4272;129239;43868;227000;68080
CATALUNYA;GLOBAL;2021-04-13;2021-04-19;No;298.59;0.990306;301.5123;141.5114;10960;2462.9962;145002;45756;6.3787;1186;201;126;6646;4314;6845;4248;130748;43158;252914;39767
CATALUNYA;GLOBAL;2021-04-12;2021-04-18;No;287.356;1.00345;286.3669;144.2745;11174;2481.4211;146670;45515;6.4684;1161;220;131;6792;4382;7012;4307;132094;42894;262564;37866
CATALUNYA;GLOBAL;2021-04-11;2021-04-17;No;293.88;1.01834;288.5877;144.1841;11167;2480.5689;146770;45349;6.4552;1174;225;129;6784;4383;6983;4308;132152;42760;263312;37865
CATALUNYA;GLOBAL;2021-04-10;2021-04-16;No;320.324;1.10443;290.0338;144.0679;11158;2492.7575;147653;45410;6.3895;1176;217;131;6815;4343;6950;4277;132862;42849;265507;37835
CATALUNYA;GLOBAL;2021-04-09;2021-04-15;No;335.916;1.21915;275.5341;145.3720;11259;2548.1355;151308;46044;6.3580;1167;224;138;6880;4379;7098;4342;136478;43452;271974;28449
CATALUNYA;GLOBAL;2021-04-08;2021-04-14;No;367.989;1.34678;273.2358;148.8065;11525;2574.9658;152596;46834;6.4808;1177;228;145;7069;4456;7328;4425;137183;44168;272881;20371
CATALUNYA;GLOBAL;2021-04-07;2021-04-13;No;379.542;1.39938;271.2216;151.1822;11709;2531.3633;148903;47150;6.7600;1176;229;143;7207;4502;7582;4449;133508;44465;284395;16544
CATALUNYA;GLOBAL;2021-04-06;2021-04-12;No;382.621;1.41612;270.1887;160.0008;12392;2466.3532;141360;49658;7.2380;1178;249;148;7411;4981;7635;4897;126254;46888;278357;15176
CATALUNYA;GLOBAL;2021-04-05;2021-04-11;No;370.918;1.38713;267.3998;142.0924;11005;2130.8833;121787;43249;7.4061;1162;239;146;6484;4521;6634;4442;108645;40907;274646;14743
CATALUNYA;GLOBAL;2021-04-04;2021-04-10;No;361.317;1.35273;267.1028;144.4036;11184;2148.5464;122703;43701;7.5025;1163;240;150;6557;4627;6746;4566;109419;41358;286120;14745
CATALUNYA;GLOBAL;2021-04-03;2021-04-09;No;328.671;1.22949;267.3223;145.9659;11305;2118.1654;119728;44323;7.7128;1185;248;145;6541;4764;6735;4736;106830;41896;296720;15091
CATALUNYA;GLOBAL;2021-04-02;2021-04-08;No;282.01;1.06826;263.9911;130.1621;10081;1742.9018;95816;39171;8.1407;1156;222;145;5660;4421;5579;4353;84935;37069;248155;10373
CATALUNYA;GLOBAL;2021-04-01;2021-04-07;No;246.293;0.952715;258.5166;124.4293;9637;1625.4835;88397;37496;8.4292;1172;207;141;5346;4291;5387;4237;78688;35486;229759;13892
CATALUNYA;GLOBAL;2021-03-31;2021-04-06;No;232.887;0.91605;254.2299;120.0394;9297;1539.2338;82487;36726;8.4687;1168;207;138;5075;4222;5016;4158;73568;34760;220848;20387
CATALUNYA;GLOBAL;2021-03-30;2021-04-05;No;224.825;0.922278;243.7715;110.1878;8534;1483.4943;81274;33622;8.1593;1137;190;130;4801;3733;4845;3699;72921;31794;236300;24856
CATALUNYA;GLOBAL;2021-03-29;2021-04-04;No;242.669;0.949512;255.5727;125.3073;9705;1737.4144;95616;38946;8.0415;1166;192;136;5524;4181;5706;4156;85767;36872;244011;26307
CATALUNYA;GLOBAL;2021-03-28;2021-04-03;No;246.813;0.979733;251.9187;122.6991;9503;1735.4518;96070;38340;7.8876;1140;190;140;5456;4047;5653;4018;86323;36287;235965;26306
CATALUNYA;GLOBAL;2021-03-27;2021-04-02;No;259.102;1.04708;247.4513;121.3563;9399;1776.8981;99694;37926;7.6020;1114;175;136;5465;3934;5661;3877;89537;35930;235831;26266
CATALUNYA;GLOBAL;2021-03-26;2021-04-01;No;294.721;1.15557;255.0433;133.8290;10365;2090.6507;118975;42945;7.2467;1122;190;126;6180;4185;6549;4162;107141;40665;262524;38650
CATALUNYA;GLOBAL;2021-03-25;2021-03-31;No;302.863;1.19983;252.4223;134.0872;10385;2175.0023;123965;44488;6.8802;1064;194;115;6199;4186;6392;4176;111425;42175;245409;50836
CATALUNYA;GLOBAL;2021-03-24;2021-03-30;No;304.028;1.22787;247.6062;134.1905;10393;2276.6814;130686;45642;6.5320;1027;180;105;6206;4187;6349;4154;117468;43324;197867;62996
CATALUNYA;GLOBAL;2021-03-23;2021-03-29;No;301.76;1.24308;242.7515;133.5836;10346;2381.2785;137267;47162;6.2310;1019;171;110;6150;4196;6333;4149;123398;44826;140930;68334
CATALUNYA;GLOBAL;2021-03-22;2021-03-28;No;295.561;1.24246;237.8838;130.2654;10089;2418.9030;139022;48321;5.9369;1029;168;107;6095;3994;6189;3955;124985;45879;118526;69142
CATALUNYA;GLOBAL;2021-03-21;2021-03-27;No;289.65;1.23253;235.0045;129.2195;10008;2395.9978;137254;48315;5.9071;1007;167;107;6045;3963;6087;3904;123276;45860;113956;69141
CATALUNYA;GLOBAL;2021-03-20;2021-03-26;No;279.939;1.21016;231.3247;126.0949;9766;2341.5882;133442;47913;5.8795;971;178;118;5879;3887;5896;3826;119905;45449;99166;69694
CATALUNYA;GLOBAL;2021-03-19;2021-03-25;No;265.895;1.17697;225.9147;121.2143;9388;2312.6661;131669;47446;5.7033;958;178;110;5564;3824;5595;3728;118429;45038;69404;79743
CATALUNYA;GLOBAL;2021-03-18;2021-03-24;No;254.292;1.15498;220.1690;118.3350;9165;2283.6279;129738;47128;5.6156;940;173;110;5444;3721;5472;3605;116882;44757;38829;88698
CATALUNYA;GLOBAL;2021-03-17;2021-03-23;No;244.141;1.14148;213.8811;113.4157;8784;2242.4785;126726;46953;5.5149;921;174;114;5247;3537;5294;3466;114275;44566;16258;94319
CATALUNYA;GLOBAL;2021-03-16;2021-03-22;No;236.051;1.13751;207.5156;109.1678;8455;2194.7830;123517;46468;5.4291;928;187;113;5068;3387;5113;3332;111463;44088;12333;96981
CATALUNYA;GLOBAL;2021-03-15;2021-03-21;No;231.095;1.13871;202.9449;107.6184;8335;2179.0179;122197;46567;5.4249;863;186;104;4979;3356;5088;3294;110319;44190;16510;98210
CATALUNYA;GLOBAL;2021-03-14;2021-03-20;No;229.784;1.13993;201.5763;105.7849;8193;2174.1114;121919;46465;5.3661;877;183;101;4895;3298;5025;3251;110126;44101;16662;98241
CATALUNYA;GLOBAL;2021-03-13;2021-03-19;No;228.425;1.13618;201.0469;105.2297;8150;2180.5285;122562;46319;5.3419;894;177;101;4913;3237;5073;3182;110559;43975;18273;98160
CATALUNYA;GLOBAL;2021-03-12;2021-03-18;No;222.698;1.11456;199.8074;104.7003;8109;2165.0087;120851;46828;5.3464;904;161;110;4903;3206;5008;3185;108774;44470;26245;88007
CATALUNYA;GLOBAL;2021-03-11;2021-03-17;No;215.517;1.09375;197.0443;101.8340;7887;2136.4482;118370;47097;5.2749;902;161;114;4689;3198;4794;3172;106343;44675;36603;69946
CATALUNYA;GLOBAL;2021-03-10;2021-03-16;No;210.985;1.07314;196.6053;100.4653;7781;2131.0641;118252;46798;5.2334;914;180;126;4554;3227;4695;3188;106218;44412;54134;47141
CATALUNYA;GLOBAL;2021-03-09;2021-03-15;No;206.539;1.05191;196.3471;98.3478;7617;2138.8756;118951;46704;5.0748;912;170;128;4416;3201;4515;3145;106596;44345;67789;37621
CATALUNYA;GLOBAL;2021-03-08;2021-03-14;No;203.923;1.03457;197.1089;95.3265;7383;2153.3366;119699;47076;4.8478;941;166;141;4211;3172;4257;3104;107132;44710;71473;38914
CATALUNYA;GLOBAL;2021-03-07;2021-03-13;No;201.975;1.02134;197.7544;95.7913;7419;2155.4412;119809;47129;4.8702;924;172;146;4219;3200;4277;3125;107228;44758;72431;39214
CATALUNYA;GLOBAL;2021-03-06;2021-03-12;No;197.961;0.997332;198.4904;95.8171;7421;2155.6865;119524;47433;4.8561;955;176;151;4199;3222;4228;3161;107105;45054;73581;40173
CATALUNYA;GLOBAL;2021-03-05;2021-03-11;No;195.209;0.976356;199.9365;95.1070;7366;2168.1592;120287;47636;4.8242;938;187;155;4161;3205;4222;3160;107804;45216;83480;35174
CATALUNYA;GLOBAL;2021-03-04;2021-03-10;No;195.321;0.962125;203.0095;95.2103;7374;2210.7288;123015;48205;4.7450;963;190;167;4136;3238;4178;3223;110146;45829;100690;27039
CATALUNYA;GLOBAL;2021-03-03;2021-03-09;No;198.045;0.956385;207.0766;96.1399;7446;2248.1080;124293;49822;4.7167;965;184;166;4147;3299;4178;3297;111125;47353;109597;22634
CATALUNYA;GLOBAL;2021-03-02;2021-03-08;No;201.735;0.952932;211.6990;97.9992;7590;2293.1308;126416;51186;4.7541;963;178;167;4181;3409;4265;3432;113254;48647;112448;18150
CATALUNYA;GLOBAL;2021-03-01;2021-03-07;No;208.138;0.95217;218.5938;101.7823;7883;2331.4396;128236;52333;4.9013;949;179;168;4268;3615;4375;3698;114908;49805;107480;13981
CATALUNYA;GLOBAL;2021-02-28;2021-03-06;No;208.249;0.949872;219.2394;101.9631;7897;2328.7798;128012;52351;4.9104;979;181;168;4246;3651;4357;3723;114709;49839;106917;13667
CATALUNYA;GLOBAL;2021-02-27;2021-03-05;No;210.801;0.951812;221.4731;102.6732;7952;2351.2977;129655;52452;4.9083;955;180;178;4249;3703;4393;3757;116111;49933;106540;11990
CATALUNYA;GLOBAL;2021-02-26;2021-03-04;No;216.755;0.960112;225.7598;104.8295;8119;2391.9177;131936;53317;4.9072;992;181;186;4230;3889;4344;3952;118282;50777;114721;5661
CATALUNYA;GLOBAL;2021-02-25;2021-03-03;No;223.576;0.95954;233.0032;107.7991;8349;2383.5768;130868;53739;5.0646;999;179;186;4290;4059;4436;4110;117584;51156;123126;4395
CATALUNYA;GLOBAL;2021-02-24;2021-03-02;No;228.985;0.958845;238.8134;110.9367;8592;2401.2011;131857;54115;5.1137;1005;166;187;4415;4177;4496;4216;118805;51560;134272;4076
CATALUNYA;GLOBAL;2021-02-23;2021-03-01;No;234.946;0.952346;246.7024;113.6997;8806;2407.0759;131902;54525;5.2120;1005;172;183;4520;4286;4574;4337;119062;51909;143569;4479
CATALUNYA;GLOBAL;2021-02-22;2021-02-28;No;239.237;0.952394;251.1957;116.8114;9047;2419.8068;132027;55386;5.2566;1051;170;179;4607;4440;4611;4437;119402;52724;150564;5158
CATALUNYA;GLOBAL;2021-02-21;2021-02-27;No;239.833;0.952856;251.6992;117.2763;9083;2433.8159;132900;55598;5.2482;1029;173;187;4640;4443;4647;4441;120241;52922;150314;5156
CATALUNYA;GLOBAL;2021-02-20;2021-02-26;No;246.652;0.972664;253.5843;118.7998;9201;2426.9211;132224;55740;5.3260;1013;167;181;4707;4494;4695;4513;119831;53056;149058;5521
CATALUNYA;GLOBAL;2021-02-19;2021-02-25;No;255.825;0.992912;257.6515;120.9303;9366;2432.3053;131847;56534;5.4031;1000;168;166;4806;4560;4814;4562;119719;53812;137361;6890
CATALUNYA;GLOBAL;2021-02-18;2021-02-24;No;266.57;1.01899;261.6024;125.2040;9697;2513.4936;136456;58213;5.4190;1013;177;181;5011;4686;5037;4680;123883;55431;115659;7523
CATALUNYA;GLOBAL;2021-02-17;2021-02-23;No;273.235;1.0371;263.4617;127.8767;9904;2528.1483;137132;58672;5.4853;1010;197;189;5121;4783;5159;4723;124286;55869;90758;7926
CATALUNYA;GLOBAL;2021-02-16;2021-02-22;No;282.852;1.05144;269.0137;133.0026;10301;2567.6320;138365;60497;5.5529;1037;231;223;5307;4994;5262;4890;125198;57624;72786;8035
CATALUNYA;GLOBAL;2021-02-15;2021-02-21;No;289.568;1.04961;275.8827;134.3842;10408;2541.5376;135573;61268;5.7063;1033;241;240;5325;5083;5298;5012;122499;58177;68375;9275
CATALUNYA;GLOBAL;2021-02-14;2021-02-20;No;289.696;1.04547;277.0964;134.4229;10411;2532.4737;134762;61377;5.7202;1048;237;236;5341;5070;5300;4993;121682;58258;68447;9810
CATALUNYA;GLOBAL;2021-02-13;2021-02-19;No;285.539;1.02688;278.0648;134.7844;10439;2553.7004;134427;63356;5.6830;1086;237;244;5304;5135;5274;5031;121270;60061;69528;11592
CATALUNYA;GLOBAL;2021-02-12;2021-02-18;No;282.774;0.98955;285.7601;136.7212;10589;2749.7118;136265;76699;5.3536;1150;242;271;5379;5210;5384;5063;122705;72434;66142;15236
CATALUNYA;GLOBAL;2021-02-11;2021-02-17;No;278.145;0.948872;293.1326;136.3984;10564;2936.5560;136832;90603;4.9944;1178;247;278;5348;5216;5312;5094;123100;85255;62086;19011
CATALUNYA;GLOBAL;2021-02-10;2021-02-16;No;276.224;0.914173;302.1579;135.5850;10501;3157.1124;140907;103610;4.6626;1220;236;285;5275;5226;5298;5132;126619;97074;57253;24331
CATALUNYA;GLOBAL;2021-02-09;2021-02-15;No;278.49;0.890211;312.8358;136.0110;10534;3358.7920;145877;114260;4.4496;1232;218;280;5329;5205;5415;5171;131134;106777;51351;32424
CATALUNYA;GLOBAL;2021-02-08;2021-02-14;No;289.717;0.8776;330.1244;141.4985;10959;3530.0518;152943;120458;4.4147;1248;205;282;5561;5398;5622;5421;137662;112477;45283;36240
CATALUNYA;GLOBAL;2021-02-07;2021-02-13;No;290.093;0.866638;334.7339;142.6734;11050;3553.3057;153639;121563;4.4274;1278;218;297;5569;5481;5653;5495;138303;113490;45164;36007
CATALUNYA;GLOBAL;2021-02-06;2021-02-12;No;290.312;0.849145;341.8869;143.2803;11097;3583.2994;155691;121834;4.4389;1308;222;312;5586;5511;5718;5550;140112;113737;43391;36227
CATALUNYA;GLOBAL;2021-02-05;2021-02-11;No;299.309;0.834643;358.6075;149.0389;11543;3561.1947;161179;114634;4.6675;1291;218;324;5843;5700;5970;5789;145030;106901;29795;44356
CATALUNYA;GLOBAL;2021-02-04;2021-02-10;No;314.02;0.831193;377.7942;156.7342;12139;3580.0198;170082;107189;4.9154;1312;209;324;6207;5932;6411;6034;153246;99939;17573;48535
CATALUNYA;GLOBAL;2021-02-03;2021-02-09;No;332.21;0.832616;398.9951;166.5729;12901;3599.6197;176721;102068;5.2371;1336;223;334;6637;6264;6922;6419;159564;95178;8157;53327
CATALUNYA;GLOBAL;2021-02-02;2021-02-08;No;350.239;0.836417;418.7369;176.8247;13695;3585.1328;180530;97137;5.6126;1397;219;343;7112;6583;7445;6800;163252;90550;5951;53014
CATALUNYA;GLOBAL;2021-02-01;2021-02-07;No;373.621;0.842852;443.2819;188.6259;14609;3651.1371;184756;98023;5.7582;1437;254;333;7577;7032;7749;7138;167237;91300;5081;53711
CATALUNYA;GLOBAL;2021-01-31;2021-02-06;No;384.001;0.852585;450.3963;192.0604;14875;3668.9551;185818;98341;5.8339;1461;257;350;7702;7173;7870;7289;168221;91624;5114;55270
CATALUNYA;GLOBAL;2021-01-30;2021-02-05;No;400.0;0.868196;460.7256;198.6066;15382;3696.6118;187679;98622;5.9646;1488;268;361;7953;7429;8139;7476;169932;91861;5146;56856
CATALUNYA;GLOBAL;2021-01-29;2021-02-04;No;427.889;0.894342;478.4403;209.5686;16231;3788.8138;194002;99440;6.1805;1557;302;364;8378;7853;8695;7916;176119;92644;4963;53912
CATALUNYA;GLOBAL;2021-01-28;2021-02-03;No;453.212;0.914304;495.6902;221.0599;17121;3868.5043;199035;100579;6.3690;1644;304;376;8795;8326;9113;8398;181247;93692;5140;52805
CATALUNYA;GLOBAL;2021-01-27;2021-02-02;No;477.997;0.930284;513.8182;232.4222;18001;3961.9845;205675;101179;6.4414;1694;304;378;9165;8836;9314;8866;187818;94418;5550;45122
CATALUNYA;GLOBAL;2021-01-26;2021-02-01;No;500.72;0.940088;532.6304;241.9122;18736;4095.2196;212227;104946;6.4579;1726;314;382;9272;9464;9364;9501;194054;98068;6124;41342
CATALUNYA;GLOBAL;2021-01-25;2021-01-31;No;523.719;0.947197;552.9146;254.6560;19723;4174.7294;215814;107517;6.6149;1834;308;420;9418;10305;9441;10280;197435;100695;7099;35310
CATALUNYA;GLOBAL;2021-01-24;2021-01-30;No;532.302;0.949767;560.4550;258.3358;20008;4199.7779;217513;107758;6.6988;1828;300;424;9465;10543;9559;10535;199000;100963;7256;33501
CATALUNYA;GLOBAL;2021-01-23;2021-01-29;No;539.88;0.950134;568.2149;262.1189;20301;4250.2753;220885;108297;6.7028;1824;312;409;9573;10728;9600;10772;202378;101553;8865;29849
CATALUNYA;GLOBAL;2021-01-22;2021-01-28;No;551.016;0.950721;579.5771;268.8717;20824;4364.6723;228792;109250;6.6564;1857;313;413;9700;11124;9652;11164;210057;102664;12105;19011
CATALUNYA;GLOBAL;2021-01-21;2021-01-27;No;564.978;0.961193;587.7889;274.6303;21270;4491.2709;238343;109504;6.5580;1873;333;405;9732;11538;9563;11588;219501;103021;13362;11379
CATALUNYA;GLOBAL;2021-01-20;2021-01-26;No;582.311;0.972144;598.9962;281.3960;21794;4570.8839;243409;110604;6.6339;1941;348;410;9722;12072;9700;12120;224750;104166;14858;8337
CATALUNYA;GLOBAL;2021-01-19;2021-01-25;No;603.508;0.980582;615.4585;290.7182;22516;4582.8659;246442;108499;6.7958;2005;347;403;10020;12496;9997;12447;227968;102293;16431;3318
CATALUNYA;GLOBAL;2021-01-18;2021-01-24;No;622.437;0.983224;633.0570;298.2585;23100;4599.7673;250515;105735;6.9382;2014;334;380;10395;12705;10379;12649;232213;99691;24591;2375
CATALUNYA;GLOBAL;2021-01-17;2021-01-23;No;630.214;0.983295;640.9202;302.1191;23399;4603.5762;251453;105092;6.9843;2074;342;378;10595;12804;10532;12675;233187;99086;26118;2365
CATALUNYA;GLOBAL;2021-01-16;2021-01-22;No;631.656;0.977609;646.1236;306.0959;23707;4590.7549;251445;104107;7.0979;2141;347;375;10743;12964;10733;12798;233326;98193;27573;1988
CATALUNYA;GLOBAL;2021-01-15;2021-01-21;No;636.205;0.964962;659.3064;310.7054;24064;4522.0522;248254;101977;7.2828;2140;323;362;10887;13177;10802;12991;230593;96109;36607;1423
CATALUNYA;GLOBAL;2021-01-14;2021-01-20;No;641.341;0.954984;671.5724;313.1586;24254;4362.0384;239555;98283;7.6267;2120;325;371;11017;13237;11012;13030;222524;92712;45913;911
CATALUNYA;GLOBAL;2021-01-13;2021-01-19;No;638.797;0.997914;640.1326;317.6002;24598;4223.1738;233076;94007;8.0506;2058;306;355;11497;13101;11631;12931;216368;88727;55556;264
CATALUNYA;GLOBAL;2021-01-12;2021-01-18;No;673.204;1.04601;643.5929;324.7403;25151;4054.7029;222607;91428;8.5941;2041;307;347;11848;13303;12001;13169;206512;86362;65687;132
CATALUNYA;GLOBAL;2021-01-11;2021-01-17;No;699.044;1.09346;639.2934;334.7985;25930;3876.3675;210123;90100;9.2418;1963;327;349;12085;13845;12159;13694;194537;85203;63313;57
CATALUNYA;GLOBAL;2021-01-10;2021-01-16;No;716.305;1.12153;638.6865;338.8011;26240;3837.8650;206814;90427;9.3941;1944;318;336;12113;14127;12097;13923;191436;85547;63953;0
CATALUNYA;GLOBAL;2021-01-09;2021-01-15;No;751.808;1.18396;634.9938;340.0277;26335;3764.8885;201624;89965;9.5952;1916;330;336;12153;14182;12137;13917;186420;85113;65572;0
CATALUNYA;GLOBAL;2021-01-08;2021-01-14;No;804.689;1.34256;599.3706;348.6010;26999;3605.0167;189088;90119;10.3100;1883;303;328;12571;14428;12656;14126;174430;85337;65971;0
CATALUNYA;GLOBAL;2021-01-07;2021-01-13;No;846.135;1.42944;591.9335;358.4138;27759;3432.4657;171672;94171;10.9894;1830;286;311;12528;15231;12268;14859;157590;89256;65040;0
CATALUNYA;GLOBAL;2021-01-06;2021-01-12;No;829.386;1.41926;584.3802;322.5324;24980;2848.4470;138169;82442;11.6449;1745;281;292;10921;14059;10325;13511;126504;78187;54994;0
CATALUNYA;GLOBAL;2021-01-05;2021-01-11;No;796.405;1.39374;571.4169;318.8526;24695;2748.1753;128500;84345;11.9507;1654;267;281;10418;14277;9893;13711;117358;80154;50180;0
CATALUNYA;GLOBAL;2021-01-04;2021-01-10;No;745.209;1.36274;546.8461;304.4949;23583;2677.3034;121534;85822;11.7743;1609;257;268;9539;14044;9108;13521;110652;81537;43910;0
CATALUNYA;GLOBAL;2021-01-03;2021-01-09;No;709.707;1.31836;538.3244;299.8854;23226;2674.1400;121024;86087;11.6303;1588;267;263;9410;13816;9019;13314;110206;81819;41303;0
CATALUNYA;GLOBAL;2021-01-02;2021-01-08;No;659.513;1.2539;525.9680;294.9661;22845;2633.2618;117126;86819;11.5731;1539;231;258;9080;13765;8624;13264;106551;82578;36729;0
CATALUNYA;GLOBAL;2021-01-01;2021-01-07;No;606.336;1.26653;478.7373;250.7696;19422;2164.1953;93168;74448;11.6433;1438;237;254;7251;12171;6509;11566;84331;70908;22984;0
CATALUNYA;GLOBAL;2020-12-31;2021-01-06;No;619.076;1.37981;448.6661;233.5196;18086;2094.6145;90497;71730;11.5356;1389;234;245;6795;11291;6546;10785;81888;68351;13250;0
CATALUNYA;GLOBAL;2020-12-30;2021-01-05;No;682.548;1.47251;463.5274;261.8478;20280;2500.1429;107141;86494;11.0482;1411;222;256;7623;12657;7506;12305;96882;82432;12245;0
CATALUNYA;GLOBAL;2020-12-29;2021-01-04;No;657.631;1.49954;438.5563;252.5643;19561;2459.2518;104228;86240;10.6545;1384;214;257;7198;12363;6890;11875;94095;82028;4327;0
CATALUNYA;GLOBAL;2020-12-28;2021-01-03;No;626.88;1.50927;415.3541;242.3512;18770;2425.4879;103688;84165;10.3086;1380;198;255;6959;11811;6751;11187;93840;80170;2575;0
CATALUNYA;GLOBAL;2020-12-27;2021-01-02;No;615.518;1.51103;407.3489;238.4390;18467;2416.9662;103592;83601;10.1484;1352;189;240;6844;11623;6619;10972;93743;79595;2817;0
CATALUNYA;GLOBAL;2020-12-26;2021-01-01;No;598.587;1.4953;400.3120;231.0019;17891;2371.7110;101854;81834;10.0071;1305;182;225;6679;11212;6434;10579;92147;77863;2136;0
CATALUNYA;GLOBAL;2020-12-25;2020-12-31;No;547.011;1.32079;414.1533;227.9676;17656;2369.4127;101790;81720;9.9217;1266;186;214;6640;11016;6418;10437;92125;77756;2134;0
CATALUNYA;GLOBAL;2020-12-24;2020-12-30;No;460.826;1.1583;397.8459;215.1464;16663;2404.9068;104235;82024;9.0770;1245;174;198;6200;10463;5849;9837;94664;78147;1274;0
CATALUNYA;GLOBAL;2020-12-23;2020-12-29;No;400.273;1.06139;377.1228;201.6796;15620;2451.2079;108141;81704;8.2605;1210;182;195;5957;9663;5580;9009;98693;77919;359;0
CATALUNYA;GLOBAL;2020-12-22;2020-12-28;No;368.952;1.03838;355.3150;185.9919;14405;2497.9867;112381;81087;7.4677;1170;187;180;5669;8736;5390;8117;103288;77585;248;0
CATALUNYA;GLOBAL;2020-12-21;2020-12-27;No;348.327;1.03411;336.8385;173.0028;13399;2532.7190;115377;80781;6.8849;1089;177;162;5442;7957;5193;7479;106628;77427;245;0
CATALUNYA;GLOBAL;2020-12-20;2020-12-26;No;355.942;1.07526;331.0283;168.9099;13082;2563.4745;117890;80650;6.7018;1069;170;169;5341;7741;5150;7345;109095;77348;0;0
CATALUNYA;GLOBAL;2020-12-19;2020-12-25;No;374.035;1.14172;327.6067;169.3101;13113;2656.7352;122556;83207;6.5160;1065;169;170;5379;7734;5225;7381;113567;79896;0;0
CATALUNYA;GLOBAL;2020-12-18;2020-12-24;No;412.201;1.21521;339.2013;186.1856;14420;3152.2963;140893;103251;6.1111;1101;169;176;5884;8536;5848;8216;130877;99261;0;0
CATALUNYA;GLOBAL;2020-12-17;2020-12-23;No;404.618;1.21855;332.0483;182.6995;14150;3227.0805;141826;108110;5.7974;1080;171;175;5772;8378;5697;7981;131895;104037;0;0
CATALUNYA;GLOBAL;2020-12-16;2020-12-22;No;390.489;1.20775;323.3200;175.4431;13588;3208.2037;137930;110544;5.5729;1057;160;165;5452;8136;5374;7715;128449;106419;0;0
CATALUNYA;GLOBAL;2020-12-15;2020-12-21;No;368.154;1.24545;295.5988;169.3230;13114;3221.5027;136969;112535;5.3350;1031;160;163;5287;7827;5164;7419;127467;108392;0;0
CATALUNYA;GLOBAL;2020-12-14;2020-12-20;No;356.975;1.28881;276.9802;163.8356;12689;3213.3038;135417;113452;5.1710;1038;159;160;5147;7542;5042;7130;125858;109533;0;0
CATALUNYA;GLOBAL;2020-12-13;2020-12-19;No;374.607;1.37974;271.5057;162.1183;12556;3168.1131;132387;112982;5.2086;991;152;153;5077;7479;4976;7108;122935;109064;0;0
CATALUNYA;GLOBAL;2020-12-12;2020-12-18;No;383.132;1.45188;263.8878;158.2965;12260;3194.0396;132534;114843;5.0555;968;154;150;4967;7293;4869;6961;123124;110880;0;0
CATALUNYA;GLOBAL;2020-12-11;2020-12-17;No;391.061;1.56153;250.4339;153.0156;11851;3156.9962;131816;112692;4.9302;951;156;139;4853;6998;4741;6666;122303;109068;0;0
CATALUNYA;GLOBAL;2020-12-10;2020-12-16;No;375.11;1.56203;240.1433;149.3487;11567;3154.1427;132443;111844;4.7970;916;149;150;4814;6753;4667;6415;122592;108429;0;0
CATALUNYA;GLOBAL;2020-12-09;2020-12-15;No;354.403;1.53772;230.4725;147.8768;11453;3098.1062;128770;111177;4.7910;905;157;152;4804;6649;4566;6314;118992;108100;0;0
CATALUNYA;GLOBAL;2020-12-08;2020-12-14;No;317.681;1.43842;220.8533;126.2757;9780;2581.7832;106363;93595;4.8688;848;139;153;4052;5728;3797;5424;98211;91180;0;0
CATALUNYA;GLOBAL;2020-12-07;2020-12-13;No;286.94;1.36995;209.4524;113.1445;8763;2445.0878;100889;88482;4.6574;806;135;163;3724;5039;3575;4774;92990;86275;0;0
CATALUNYA;GLOBAL;2020-12-06;2020-12-12;No;258.516;1.25325;206.2761;109.3873;8472;2430.1361;99962;88251;4.5441;802;131;154;3672;4800;3544;4551;92094;86051;0;0
CATALUNYA;GLOBAL;2020-12-05;2020-12-11;No;233.373;1.14527;203.7713;105.5912;8178;2399.4452;97529;88307;4.4453;822;124;152;3563;4615;3435;4387;89802;86161;0;0
CATALUNYA;GLOBAL;2020-12-04;2020-12-10;No;194.13;0.977713;198.5550;97.4182;7545;2338.5281;93842;87276;4.2203;814;125;165;3336;4209;3250;3981;86193;85146;0;0
CATALUNYA;GLOBAL;2020-12-03;2020-12-09;No;181.732;0.942486;192.8222;90.7945;7032;2310.7552;89802;89165;3.9701;831;131;180;3206;3826;3114;3627;82658;87136;0;0
CATALUNYA;GLOBAL;2020-12-02;2020-12-08;No;175.004;0.944592;185.2689;82.5956;6397;2331.8399;91634;88966;3.6852;816;124;189;3012;3385;3044;3267;84268;86986;0;0
CATALUNYA;GLOBAL;2020-12-01;2020-12-07;No;193.982;0.980025;197.9352;94.5776;7325;2745.4639;108031;104604;3.6161;853;137;203;3473;3852;3554;3737;99296;102331;0;0
CATALUNYA;GLOBAL;2020-11-30;2020-12-06;No;198.255;0.984974;201.2793;96.3078;7459;2774.9411;110525;104393;3.6200;868;139;207;3522;3937;3542;3832;101591;102110;0;0
CATALUNYA;GLOBAL;2020-11-29;2020-12-05;No;201.133;0.995249;202.0927;96.8888;7504;2772.2813;111167;103545;3.6249;874;144;225;3544;3960;3539;3837;102193;101290;0;0
CATALUNYA;GLOBAL;2020-11-28;2020-12-04;No;204.987;1.00794;203.3710;98.1800;7604;2739.7698;112942;99252;3.7142;845;140;233;3598;4006;3603;3863;103917;97098;0;0
CATALUNYA;GLOBAL;2020-11-27;2020-12-03;No;211.52;1.0212;207.1283;101.1367;7833;2643.9397;114573;90199;3.9465;826;132;234;3792;4041;3781;3864;105491;88227;0;0
CATALUNYA;GLOBAL;2020-11-26;2020-12-02;No;213.865;1.01512;210.6790;102.0276;7902;2517.4445;116920;78055;4.1871;823;141;225;3831;4071;3875;3827;107689;76257;0;0
CATALUNYA;GLOBAL;2020-11-25;2020-12-01;No;216.994;0.99775;217.4834;102.6732;7952;2415.9979;117105;70013;4.3269;847;149;225;3884;4068;3882;3762;108301;68360;0;0
CATALUNYA;GLOBAL;2020-11-24;2020-11-30;No;221.162;0.972019;227.5287;103.3575;8005;2360.8781;119362;63487;4.4763;883;163;208;3961;4044;3954;3763;110501;61895;0;0
CATALUNYA;GLOBAL;2020-11-23;2020-11-29;No;228.415;0.948764;240.7502;104.9715;8130;2354.9388;120948;61441;4.6068;915;167;214;4097;4033;4151;3768;112043;59856;0;0
CATALUNYA;GLOBAL;2020-11-22;2020-11-28;No;223.502;0.919482;243.0742;105.2039;8148;2346.2751;120562;61156;4.6304;935;169;210;4131;4017;4171;3760;111726;59555;0;0
CATALUNYA;GLOBAL;2020-11-21;2020-11-27;No;215.696;0.870897;247.6708;105.1910;8147;2288.0178;118026;59180;4.7400;956;184;223;4153;3994;4178;3727;109185;57587;0;0
CATALUNYA;GLOBAL;2020-11-20;2020-11-26;No;211.878;0.819224;258.6328;105.9915;8209;2245.8484;117897;56043;4.9506;1002;187;235;4203;4006;4277;3813;108968;54446;0;0
CATALUNYA;GLOBAL;2020-11-19;2020-11-25;No;216.748;0.794918;272.6677;108.6513;8415;2197.8172;116397;53823;5.3038;1025;183;235;4400;4015;4523;3942;107402;52201;0;0
CATALUNYA;GLOBAL;2020-11-18;2020-11-24;No;228.541;0.789493;289.4786;114.8101;8892;2138.9918;115362;50302;5.8399;1050;178;240;4769;4123;4943;4093;106018;48710;0;0
CATALUNYA;GLOBAL;2020-11-17;2020-11-23;No;245.494;0.790775;310.4471;124.1711;9617;2141.6387;117875;47994;6.3624;1076;174;262;5254;4363;5514;4333;108290;46479;0;0
CATALUNYA;GLOBAL;2020-11-16;2020-11-22;No;267.894;0.793918;337.4324;135.7786;10516;2173.4659;120633;47701;6.7763;1111;179;277;5724;4792;5913;4728;110866;46166;0;0
CATALUNYA;GLOBAL;2020-11-15;2020-11-21;No;274.051;0.797787;343.5138;137.8703;10678;2189.7345;121549;48045;6.8409;1128;192;281;5764;4914;5972;4853;111714;46526;0;0
CATALUNYA;GLOBAL;2020-11-14;2020-11-20;No;285.789;0.804853;355.0826;142.4798;11035;2219.9994;123259;48679;6.9874;1175;194;279;5974;5061;6216;4999;113359;47144;0;0
CATALUNYA;GLOBAL;2020-11-13;2020-11-19;No;305.65;0.798746;382.6619;152.6412;11822;2295.8939;127652;50164;7.2156;1251;210;275;6467;5355;6675;5320;117680;48557;0;0
CATALUNYA;GLOBAL;2020-11-12;2020-11-18;No;324.764;0.788563;411.8421;164.0164;12703;2342.1821;129844;51557;7.5490;1312;229;293;6995;5708;7131;5696;120019;49897;0;0
CATALUNYA;GLOBAL;2020-11-11;2020-11-17;No;342.431;0.778133;440.0670;174.6684;13528;2426.9082;134621;53342;7.7533;1401;247;296;7435;6093;7618;6070;124954;51590;0;0
CATALUNYA;GLOBAL;2020-11-10;2020-11-16;No;365.307;0.771933;473.2369;186.2760;14427;2498.6194;137770;55747;8.0771;1489;275;300;8038;6389;8272;6436;128287;53807;0;0
CATALUNYA;GLOBAL;2020-11-09;2020-11-15;No;395.408;0.770865;512.9402;201.6537;15618;2559.2136;141193;57017;8.4394;1523;289;301;8704;6914;8832;6931;131728;55051;0;0
CATALUNYA;GLOBAL;2020-11-08;2020-11-14;No;406.005;0.772792;525.3741;205.6434;15927;2573.8683;142126;57219;8.5747;1572;288;308;8878;7049;9065;7049;132694;55230;0;0
CATALUNYA;GLOBAL;2020-11-07;2020-11-13;No;421.635;0.777511;542.2883;212.6028;16466;2626.2250;145749;57651;8.6897;1615;312;314;9247;7219;9487;7187;136239;55643;0;0
CATALUNYA;GLOBAL;2020-11-06;2020-11-12;No;456.016;0.792814;575.1871;230.0206;17815;2759.5246;154211;59513;9.0163;1652;323;316;10156;7659;10582;7619;144482;57386;0;0
CATALUNYA;GLOBAL;2020-11-05;2020-11-11;No;492.059;0.816929;602.3274;247.8257;19194;2899.6933;163281;61299;9.2618;1681;317;325;11081;8113;11658;8035;153564;59063;0;0
CATALUNYA;GLOBAL;2020-11-04;2020-11-10;No;533.432;0.839733;635.2391;265.3985;20555;3028.9774;172164;62429;9.5628;1724;328;343;12075;8480;12821;8446;162255;60137;0;0
CATALUNYA;GLOBAL;2020-11-03;2020-11-09;No;576.143;0.863262;667.4020;286.9609;22225;3122.9095;179254;62614;9.9807;1755;302;348;13225;9000;14027;8900;169311;60403;0;0
CATALUNYA;GLOBAL;2020-11-02;2020-11-08;No;616.227;0.881897;698.7514;311.2864;24109;3166.3829;183084;62151;10.4058;1828;316;346;14618;9491;15029;9250;173340;59981;0;0
CATALUNYA;GLOBAL;2020-11-01;2020-11-07;No;640.972;0.90021;712.0246;319.7306;24763;3208.3199;186916;61567;10.5010;1846;315;341;15207;9556;15560;9271;177044;59419;0;0
CATALUNYA;GLOBAL;2020-10-31;2020-11-06;No;668.38;0.923069;724.0840;329.6854;25534;3269.3790;192148;61064;10.6546;1862;296;337;15953;9581;16393;9295;182196;58902;0;0
CATALUNYA;GLOBAL;2020-10-30;2020-11-05;No;707.129;0.944435;748.7323;345.1665;26733;3333.5498;199673;58509;10.9114;1880;309;343;17147;9586;17602;9287;189890;56540;0;0
CATALUNYA;GLOBAL;2020-10-29;2020-11-04;No;734.064;0.951147;771.7667;354.5016;27456;3387.9981;207344;55055;11.0477;1943;362;319;18039;9417;18609;9103;197523;53316;0;0
CATALUNYA;GLOBAL;2020-10-28;2020-11-03;No;756.545;0.953789;793.2000;369.8406;28644;3405.5837;212668;51093;11.3445;1943;354;301;19403;9241;19810;8852;203112;49538;0;0
CATALUNYA;GLOBAL;2020-10-27;2020-11-02;No;769.484;0.959171;802.2381;380.4411;29465;3417.3333;219057;45614;11.5912;1974;373;286;20693;8772;21185;8259;209804;44217;0;0
CATALUNYA;GLOBAL;2020-10-26;2020-11-01;No;775.391;0.970784;798.7261;387.4650;30009;3424.9254;225141;40118;11.7007;1954;370;281;21916;8093;22207;7622;215995;38938;0;0
CATALUNYA;GLOBAL;2020-10-25;2020-10-31;No;794.966;0.993638;800.0560;392.2939;30383;3437.7079;226519;39730;11.8518;1959;368;267;22390;7993;22815;7527;217442;38570;0;0
CATALUNYA;GLOBAL;2020-10-24;2020-10-30;No;837.343;1.05378;794.6073;394.3985;30546;3400.9226;224895;38505;12.0128;1954;366;252;22745;7801;23099;7329;215894;37402;0;0
CATALUNYA;GLOBAL;2020-10-23;2020-10-29;No;911.23;1.16091;784.9236;403.5658;31256;3350.9159;225801;33726;12.3562;1916;347;236;23914;7342;24055;6830;217146;32809;0;0
CATALUNYA;GLOBAL;2020-10-22;2020-10-28;No;967.599;1.25111;773.3935;417.2650;32317;3309.5729;226964;29361;12.8662;1848;287;225;25393;6924;25438;6331;218337;28581;0;0
CATALUNYA;GLOBAL;2020-10-21;2020-10-27;No;991.386;1.31549;753.6258;423.3593;32789;3288.7722;230120;24594;13.1892;1815;279;209;26581;6208;26798;5562;221374;23978;0;0
CATALUNYA;GLOBAL;2020-10-20;2020-10-26;No;992.787;1.36201;728.9130;421.7970;32668;3200.5600;228182;19700;13.4609;1695;259;196;27395;5273;27479;4656;219498;19230;0;0
CATALUNYA;GLOBAL;2020-10-19;2020-10-25;No;943.972;1.41783;665.7880;411.2611;31852;3106.9894;226876;13759;13.2856;1653;242;173;28096;3756;27585;3219;218455;13405;0;0
CATALUNYA;GLOBAL;2020-10-18;2020-10-24;No;970.714;1.48146;655.2392;407.7621;31581;3094.4781;227035;12631;13.0778;1602;232;170;28189;3392;27288;2910;218604;12306;0;0
CATALUNYA;GLOBAL;2020-10-17;2020-10-23;No;1045.25;1.63441;639.5258;400.2088;30996;3084.7944;227567;11349;12.8318;1544;222;166;27995;3001;27000;2564;219323;11074;0;0
CATALUNYA;GLOBAL;2020-10-16;2020-10-22;No;986.184;1.6287;605.5036;381.3578;29536;2983.3606;223559;7501;12.6498;1478;210;149;27414;2122;26520;1668;215520;7314;0;0
CATALUNYA;GLOBAL;2020-10-15;2020-10-21;No;914.275;1.61759;565.2064;356.1285;27582;2885.9940;219390;4129;12.1917;1422;192;138;26281;1301;25385;918;211722;4023;0;0
CATALUNYA;GLOBAL;2020-10-14;2020-10-20;No;818.782;1.57457;520.0028;330.2665;25579;2731.6484;209793;1772;11.7302;1333;182;123;24872;707;23603;396;202876;1715;0;0
CATALUNYA;GLOBAL;2020-10-13;2020-10-19;No;733.743;1.54328;475.4448;307.1159;23786;2559.3944;197606;618;11.1354;1300;172;112;23407;379;21232;138;191317;593;0;0
CATALUNYA;GLOBAL;2020-10-12;2020-10-18;No;640.418;1.47936;432.9010;254.5269;19713;2205.8353;170537;304;11.1770;1156;151;104;19470;243;18413;87;165225;293;0;0
CATALUNYA;GLOBAL;2020-10-11;2020-10-17;No;611.997;1.46054;419.0210;247.4771;19167;2170.2896;167950;138;11.1255;1112;154;100;18997;170;18088;33;162746;132;0;0
CATALUNYA;GLOBAL;2020-10-10;2020-10-16;No;551.496;1.36477;404.0952;239.3170;18535;2086.0800;161566;0;11.0976;1048;155;88;18406;129;17369;0;156512;0;0;0
CATALUNYA;GLOBAL;2020-10-09;2020-10-15;No;527.539;1.40996;374.1531;224.1458;17360;1977.0800;153124;0;10.8763;990;140;83;17272;88;16152;0;148506;0;0;0
CATALUNYA;GLOBAL;2020-10-08;2020-10-14;No;489.87;1.40712;348.1362;209.0779;16193;1844.0644;142822;0;10.6314;925;146;76;16127;66;14751;0;138749;0;0;0
CATALUNYA;GLOBAL;2020-10-07;2020-10-13;No;457.026;1.43364;318.7880;189.7363;14695;1746.9173;135298;0;10.0521;858;134;71;14652;43;13227;0;131584;0;0;0
CATALUNYA;GLOBAL;2020-10-06;2020-10-12;No;421.612;1.45541;289.6852;168.3288;13037;1777.9052;137698;0;9.2079;781;128;71;13013;24;12352;0;134145;0;0;0
CATALUNYA;GLOBAL;2020-10-05;2020-10-11;No;433.762;1.48406;292.2805;178.3741;13815;1982.4254;153538;0;8.6441;771;131;64;13793;22;12924;0;149512;0;0;0
CATALUNYA;GLOBAL;2020-10-04;2020-10-10;No;411.707;1.45315;283.3198;171.5438;13286;1959.6106;151771;0;8.4222;735;121;58;13264;22;12452;0;147848;0;0;0
CATALUNYA;GLOBAL;2020-10-03;2020-10-09;No;386.002;1.40355;275.0176;164.7781;12762;1946.9055;150787;0;8.1950;707;112;52;12744;18;12044;0;146967;0;0;0
CATALUNYA;GLOBAL;2020-10-02;2020-10-08;No;342.081;1.34556;254.2299;150.0072;11618;1912.7285;148140;0;7.4981;683;118;49;11601;17;10826;0;144383;0;0;0
CATALUNYA;GLOBAL;2020-10-01;2020-10-07;No;314.073;1.33734;234.8495;139.0582;10770;1869.9006;144823;0;7.1092;656;113;48;10752;18;10034;0;141142;0;0;0
CATALUNYA;GLOBAL;2020-09-30;2020-10-06;No;296.022;1.32647;223.1645;129.0517;9995;1855.5170;143694;15;6.7377;645;115;57;9979;16;9430;2;139974;15;0;0
CATALUNYA;GLOBAL;2020-09-29;2020-10-05;No;280.077;1.31402;213.1451;121.3563;9399;1798.8866;139267;56;6.5120;625;113;60;9356;43;8803;32;135617;55;0;0
CATALUNYA;GLOBAL;2020-09-28;2020-10-04;No;265.288;1.2928;205.2044;113.9063;8822;1778.8736;137703;70;6.2802;621;104;62;8777;45;8389;33;134034;69;0;0
CATALUNYA;GLOBAL;2020-09-27;2020-10-03;No;257.969;1.26557;203.8358;111.7759;8657;1772.1208;137173;77;6.1971;607;105;66;8611;46;8241;34;133455;76;0;0
CATALUNYA;GLOBAL;2020-09-26;2020-10-02;No;241.415;1.19687;201.7054;110.2394;8538;1763.4829;136496;85;6.1250;604;103;65;8492;46;8106;34;132813;84;0;0
CATALUNYA;GLOBAL;2020-09-25;2020-10-01;No;217.832;1.10644;196.8764;104.2226;8072;1718.1502;132978;92;5.9291;576;99;66;8029;43;7641;35;129373;91;0;0
CATALUNYA;GLOBAL;2020-09-24;2020-09-30;No;199.311;1.03082;193.3516;95.7913;7419;1625.3414;125785;97;5.7114;543;88;68;7378;41;6957;36;122344;96;0;0
CATALUNYA;GLOBAL;2020-09-23;2020-09-29;No;191.232;0.992483;192.6802;94.1128;7289;1598.0463;123679;89;5.6958;514;83;60;7248;41;6820;37;120298;88;0;0
CATALUNYA;GLOBAL;2020-09-22;2020-09-28;No;185.59;0.964819;192.3574;91.7887;7109;1563.3915;121036;48;5.7260;498;89;50;7096;13;6733;7;117661;48;0;0
CATALUNYA;GLOBAL;2020-09-21;2020-09-27;No;182.817;0.961828;190.0720;91.2981;7071;1540.1505;119250;34;5.8163;483;82;54;7062;9;6736;6;115882;34;0;0
CATALUNYA;GLOBAL;2020-09-20;2020-09-26;No;183.945;0.968094;190.0075;92.0599;7130;1549.2274;119960;27;5.8300;490;85;48;7122;8;6794;5;116593;27;0;0
CATALUNYA;GLOBAL;2020-09-19;2020-09-25;No;190.786;1.00185;190.4335;91.4659;7084;1559.1694;120738;19;5.7834;479;83;51;7077;7;6782;5;117334;19;0;0
CATALUNYA;GLOBAL;2020-09-18;2020-09-24;No;209.96;1.15755;181.3825;92.6538;7176;1536.8581;119017;12;6.0121;486;79;51;7170;6;6946;4;115589;12;0;0
CATALUNYA;GLOBAL;2020-09-17;2020-09-23;No;230.998;1.24043;186.2244;97.5602;7556;1576.1869;122066;9;6.1723;500;83;55;7550;6;7305;5;118423;9;0;0
CATALUNYA;GLOBAL;2020-09-16;2020-09-22;No;239.038;1.29383;184.7524;98.5673;7634;1498.3169;116042;2;6.5920;504;82;63;7627;7;7410;2;112438;2;0;0
CATALUNYA;GLOBAL;2020-09-15;2020-09-21;No;239.803;1.30628;183.5775;100.5686;7789;1440.0467;111529;2;7.0288;519;71;68;7782;7;7580;2;107869;2;0;0
CATALUNYA;GLOBAL;2020-09-14;2020-09-20;No;237.654;1.31388;180.8789;98.7739;7650;1379.8785;106868;3;7.1533;527;77;65;7642;8;7368;3;103041;3;0;0
CATALUNYA;GLOBAL;2020-09-13;2020-09-19;No;231.177;1.28745;179.5620;97.9476;7586;1350.9694;104629;3;7.2244;527;72;66;7578;8;7281;3;100822;3;0;0
CATALUNYA;GLOBAL;2020-09-12;2020-09-18;No;225.694;1.25484;179.8589;98.9676;7665;1316.9214;101992;3;7.4976;527;71;63;7657;8;7362;3;98229;3;0;0
CATALUNYA;GLOBAL;2020-09-11;2020-09-17;No;193.972;1.07939;179.7040;88.7287;6872;1131.5492;87635;3;7.6976;496;70;59;6865;7;6487;3;84309;3;0;0
CATALUNYA;GLOBAL;2020-09-10;2020-09-16;No;180.159;1.00702;178.9035;88.6641;6867;1127.3787;87314;1;7.9851;492;74;58;6860;7;6699;1;83905;1;0;0
CATALUNYA;GLOBAL;2020-09-09;2020-09-15;No;167.183;0.948314;176.2953;86.1851;6675;1096.3392;84910;1;7.9694;481;75;56;6671;4;6495;1;81511;1;0;0
CATALUNYA;GLOBAL;2020-09-08;2020-09-14;No;162.194;0.935567;173.3644;83.0088;6429;1075.8226;83320;2;7.8093;470;73;55;6425;4;6241;2;79941;2;0;0
CATALUNYA;GLOBAL;2020-09-07;2020-09-13;No;160.393;0.928011;172.8350;82.1050;6359;1070.3868;82900;1;7.8177;475;76;55;6353;6;6233;1;79741;1;0;0
CATALUNYA;GLOBAL;2020-09-06;2020-09-12;No;166.338;0.95676;173.8550;81.6143;6321;1066.3713;82589;1;7.8858;473;78;51;6315;6;6265;1;79458;1;0;0
CATALUNYA;GLOBAL;2020-09-05;2020-09-11;No;170.988;0.986218;173.3773;80.8913;6265;1074.7251;83235;2;7.7767;481;83;56;6259;6;6228;1;80096;2;0;0
CATALUNYA;GLOBAL;2020-09-04;2020-09-10;No;187.008;1.02178;183.0223;90.9753;7046;1234.0158;95571;3;7.7086;494;81;62;7040;6;7090;1;91985;3;0;0
CATALUNYA;GLOBAL;2020-09-03;2020-09-09;No;186.127;1.01833;182.7769;90.2393;6989;1226.7853;95010;4;7.5070;469;74;54;6984;5;6876;1;91604;4;0;0
CATALUNYA;GLOBAL;2020-09-02;2020-09-08;No;187.782;1.01103;185.7337;90.1102;6979;1255.7332;97251;5;7.2698;466;74;50;6971;8;6823;2;93877;5;0;0
CATALUNYA;GLOBAL;2020-09-01;2020-09-07;No;188.609;1.00514;187.6446;90.3555;6998;1273.3705;98617;5;7.2351;457;79;53;6991;7;6892;1;95267;5;0;0
CATALUNYA;GLOBAL;2020-08-31;2020-09-06;No;190.159;0.999233;190.3044;90.7300;7027;1278.1478;98986;6;7.3623;452;77;53;7021;6;7041;1;95643;6;0;0
CATALUNYA;GLOBAL;2020-08-30;2020-09-05;No;190.362;0.994701;191.3761;92.2406;7144;1287.4571;99702;11;7.3639;441;75;55;7137;7;7094;2;96351;11;0;0
CATALUNYA;GLOBAL;2020-08-29;2020-09-04;No;188.84;0.98522;191.6731;92.4859;7163;1279.4131;99079;11;7.3819;434;74;49;7152;11;7065;3;95737;11;0;0
CATALUNYA;GLOBAL;2020-08-28;2020-09-03;No;191.334;0.995214;192.2541;92.0469;7129;1282.0084;99277;14;7.2756;420;75;47;7117;12;6974;3;95884;12;0;0
CATALUNYA;GLOBAL;2020-08-27;2020-09-02;No;194.556;1.00879;192.8609;92.5376;7167;1281.8792;99267;14;7.3723;454;77;51;7151;16;7064;4;95860;12;0;0
CATALUNYA;GLOBAL;2020-08-26;2020-09-01;No;200.49;1.0284;194.9526;95.6235;7406;1313.7322;101735;13;7.5166;451;68;49;7392;14;7387;3;98305;11;0;0
CATALUNYA;GLOBAL;2020-08-25;2020-08-31;No;204.158;1.04238;195.8564;97.2891;7535;1311.8342;101589;12;7.5291;454;60;43;7519;16;7390;3;98182;10;0;0
CATALUNYA;GLOBAL;2020-08-24;2020-08-30;No;205.86;1.05665;194.8235;99.5744;7712;1332.0926;103159;11;7.4300;454;62;43;7698;14;7406;3;99708;9;0;0
CATALUNYA;GLOBAL;2020-08-23;2020-08-29;No;207.861;1.07132;194.0230;99.1354;7678;1335.3721;103417;7;7.3981;451;60;45;7664;14;7395;2;99980;5;0;0
CATALUNYA;GLOBAL;2020-08-22;2020-08-28;No;213.649;1.10549;193.2612;99.1871;7682;1351.7441;104686;6;7.2891;448;59;46;7671;11;7381;1;101271;4;0;0
CATALUNYA;GLOBAL;2020-08-21;2020-08-27;No;218.004;1.13485;192.0991;100.2071;7761;1332.6736;103212;3;7.5202;456;67;39;7749;12;7512;2;99914;3;0;0
CATALUNYA;GLOBAL;2020-08-20;2020-08-26;No;219.255;1.15213;190.3044;100.3233;7770;1279.5551;99097;4;7.8506;433;66;36;7759;11;7520;1;95797;4;0;0
CATALUNYA;GLOBAL;2020-08-19;2020-08-25;No;216.115;1.16051;186.2244;99.3291;7693;1213.8737;94010;4;8.0647;462;74;40;7682;11;7313;1;90688;4;0;0
CATALUNYA;GLOBAL;2020-08-18;2020-08-24;No;213.887;1.16592;183.4484;98.5673;7634;1174.5707;90966;4;8.3021;480;80;42;7624;10;7275;1;87637;4;0;0
CATALUNYA;GLOBAL;2020-08-17;2020-08-23;No;208.783;1.16416;179.3425;95.2490;7377;1117.2818;86529;4;8.5641;479;80;40;7367;10;7127;1;83227;4;0;0
CATALUNYA;GLOBAL;2020-08-16;2020-08-22;No;207.205;1.16205;178.3095;94.8875;7349;1112.6595;86172;3;8.5538;491;79;38;7340;9;7087;1;82861;3;0;0
CATALUNYA;GLOBAL;2020-08-15;2020-08-21;No;203.592;1.14594;177.6639;94.0741;7286;1090.8646;84484;3;8.7654;504;77;39;7278;8;7114;1;81168;3;0;0
CATALUNYA;GLOBAL;2020-08-14;2020-08-20;No;195.808;1.12377;174.2424;91.8920;7117;1053.5242;81593;2;8.8575;505;65;44;7111;6;6928;0;78214;2;0;0
CATALUNYA;GLOBAL;2020-08-13;2020-08-19;No;189.338;1.11016;170.5496;89.9811;6969;1052.4009;81507;1;8.5824;500;64;44;6966;3;6700;1;78077;1;0;0
CATALUNYA;GLOBAL;2020-08-12;2020-08-18;No;184.239;1.10264;167.0893;86.8952;6730;1042.8592;80767;2;8.4580;471;59;40;6724;6;6536;2;77298;2;0;0
CATALUNYA;GLOBAL;2020-08-11;2020-08-17;No;180.888;1.0982;164.7136;84.8810;6574;1025.1186;79393;2;8.3543;453;57;39;6568;6;6343;2;75947;2;0;0
CATALUNYA;GLOBAL;2020-08-10;2020-08-16;No;178.95;1.09735;163.0738;84.0934;6513;1033.2659;80023;3;8.2289;441;55;45;6506;7;6300;2;76581;3;0;0
CATALUNYA;GLOBAL;2020-08-09;2020-08-15;No;177.338;1.09624;161.7697;83.4220;6461;1030.3349;79794;5;8.2224;446;59;42;6454;7;6280;2;76396;5;0;0
CATALUNYA;GLOBAL;2020-08-08;2020-08-14;No;176.834;1.0961;161.3307;83.5898;6474;1062.0975;82253;6;7.9405;435;59;39;6465;9;6256;3;78818;6;0;0
CATALUNYA;GLOBAL;2020-08-07;2020-08-13;No;174.029;1.08348;160.6206;82.3503;6378;1060.7805;82151;6;7.8012;429;63;37;6369;9;6136;3;78687;6;0;0
CATALUNYA;GLOBAL;2020-08-06;2020-08-12;No;170.785;1.06731;160.0137;80.5685;6240;1056.0936;81788;6;7.7515;445;68;39;6232;8;6067;2;78290;5;0;0
CATALUNYA;GLOBAL;2020-08-05;2020-08-11;No;169.121;1.05174;160.8014;80.1941;6211;1043.3627;80803;5;7.8521;452;71;36;6207;4;6071;1;77326;4;0;0
CATALUNYA;GLOBAL;2020-08-04;2020-08-10;No;167.347;1.0353;161.6406;79.8325;6183;1043.3111;80797;7;7.9056;440;73;37;6175;8;6102;2;77205;6;0;0
CATALUNYA;GLOBAL;2020-08-03;2020-08-09;No;165.648;1.02039;162.3378;78.9804;6117;1016.0417;78684;8;7.9442;446;71;29;6106;11;5963;3;75092;7;0;0
CATALUNYA;GLOBAL;2020-08-02;2020-08-08;No;163.177;1.00782;161.9118;78.3477;6068;1010.7996;78279;7;7.9490;436;70;29;6056;12;5932;4;74670;6;0;0
CATALUNYA;GLOBAL;2020-08-01;2020-08-07;No;161.444;1.00054;161.3566;77.7409;6021;982.5748;76092;8;8.1958;438;70;33;6008;13;5938;5;72506;7;0;0
CATALUNYA;GLOBAL;2020-07-31;2020-08-06;No;164.762;1.02348;160.9821;78.2702;6062;975.9382;75572;14;8.3791;451;75;37;6049;13;6038;5;72107;13;0;0
CATALUNYA;GLOBAL;2020-07-30;2020-08-05;No;169.19;1.03932;162.7897;79.4452;6153;969.2500;75049;19;8.5247;440;77;41;6140;13;6109;5;71703;18;0;0
CATALUNYA;GLOBAL;2020-07-29;2020-08-04;No;172.695;1.05349;163.9260;80.6072;6243;997.7072;77250;22;8.4264;442;74;44;6228;15;6230;5;73973;21;0;0
CATALUNYA;GLOBAL;2020-07-28;2020-08-03;No;175.622;1.06049;165.6045;81.8080;6336;986.5516;76385;23;8.5814;452;78;43;6321;15;6290;7;73358;22;0;0
CATALUNYA;GLOBAL;2020-07-27;2020-08-02;No;177.925;1.06584;166.9344;83.3574;6456;984.8085;76249;24;8.5840;446;82;46;6442;14;6295;6;73381;23;0;0
CATALUNYA;GLOBAL;2020-07-26;2020-08-01;No;177.614;1.06233;167.1926;83.5640;6472;995.9383;77112;23;8.6240;450;82;49;6458;14;6399;5;74236;22;0;0
CATALUNYA;GLOBAL;2020-07-25;2020-07-31;No;177.58;1.05504;168.3159;83.6156;6476;994.3244;76989;21;8.5634;442;83;51;6463;13;6349;3;74156;20;0;0
CATALUNYA;GLOBAL;2020-07-24;2020-07-30;No;175.133;1.05302;166.3146;82.7118;6406;994.7763;77030;15;8.3648;425;77;46;6391;15;6209;3;74250;14;0;0
CATALUNYA;GLOBAL;2020-07-23;2020-07-29;No;176.334;1.06988;164.8169;83.3445;6455;1002.7944;77655;11;8.2654;436;75;39;6437;18;6199;4;75037;11;0;0
CATALUNYA;GLOBAL;2020-07-22;2020-07-28;No;177.442;1.09714;161.7310;83.3187;6453;972.4134;75303;10;8.4631;425;79;38;6435;18;6163;4;72859;10;0;0
CATALUNYA;GLOBAL;2020-07-21;2020-07-27;No;177.893;1.13584;156.6180;83.7964;6490;959.6696;74318;8;8.6216;405;74;39;6471;19;6206;1;71986;8;0;0
CATALUNYA;GLOBAL;2020-07-20;2020-07-26;No;177.69;1.18027;150.5495;83.5769;6473;945.7121;73237;8;8.7315;410;69;40;6456;17;6202;2;71045;8;0;0
CATALUNYA;GLOBAL;2020-07-19;2020-07-25;No;184.468;1.23858;148.9356;83.6286;6477;929.2369;71958;11;8.7862;394;69;39;6461;16;6130;2;69780;11;0;0
CATALUNYA;GLOBAL;2020-07-18;2020-07-24;No;196.489;1.34221;146.3920;84.7002;6560;918.4040;71119;11;9.0373;386;62;33;6544;16;6231;2;68959;11;0;0
CATALUNYA;GLOBAL;2020-07-17;2020-07-23;No;205.263;1.46467;140.1428;83.6027;6475;876.2605;67853;13;9.3750;381;60;32;6457;18;6179;2;65918;13;0;0
CATALUNYA;GLOBAL;2020-07-16;2020-07-22;No;203.518;1.53914;132.2279;81.4723;6310;830.9665;64345;13;9.5690;366;55;29;6295;15;5980;1;62492;12;0;0
CATALUNYA;GLOBAL;2020-07-15;2020-07-21;No;195.837;1.57814;124.0936;78.4123;6073;786.1760;60877;12;9.5274;341;52;25;6060;13;5633;1;59124;11;0;0
CATALUNYA;GLOBAL;2020-07-14;2020-07-20;No;183.08;1.60329;114.1904;72.8215;5640;730.8239;56589;13;9.3091;346;42;20;5631;9;5114;2;54945;12;0;0
CATALUNYA;GLOBAL;2020-07-13;2020-07-19;No;167.213;1.62166;103.1122;66.9726;5187;695.9625;53886;16;9.2139;316;43;14;5179;8;4827;1;52384;15;0;0
CATALUNYA;GLOBAL;2020-07-12;2020-07-18;No;164.236;1.64045;100.1167;65.3070;5058;683.4640;52921;13;9.0635;303;39;12;5050;8;4664;1;51458;12;0;0
CATALUNYA;GLOBAL;2020-07-11;2020-07-17;No;158.892;1.6791;94.6293;61.6917;4778;651.6885;50458;15;8.8473;292;39;12;4771;7;4338;1;49029;14;0;0
CATALUNYA;GLOBAL;2020-07-10;2020-07-16;No;148.448;1.73648;85.4878;56.5400;4379;611.8562;47371;17;8.7006;281;36;11;4374;5;4004;2;46027;16;0;0
CATALUNYA;GLOBAL;2020-07-09;2020-07-15;No;136.101;1.7936;75.8816;50.7556;3931;569.4673;44089;16;8.4516;255;36;10;3923;8;3617;3;42816;16;0;0
CATALUNYA;GLOBAL;2020-07-08;2020-07-14;No;123.536;1.8176;67.9668;45.6813;3538;536.4006;41529;15;8.0211;263;37;12;3530;8;3232;3;40316;15;0;0
CATALUNYA;GLOBAL;2020-07-07;2020-07-13;No;111.549;1.83466;60.8008;41.3688;3204;519.0603;40184;17;7.4774;247;37;14;3196;8;2913;4;38995;16;0;0
CATALUNYA;GLOBAL;2020-07-06;2020-07-12;No;97.6556;1.82823;53.4154;36.1396;2799;497.6399;38527;15;6.8117;239;32;12;2788;11;2542;4;37363;14;0;0
CATALUNYA;GLOBAL;2020-07-05;2020-07-11;No;93.6798;1.82711;51.2720;34.8097;2696;487.0524;37706;16;6.6978;238;31;10;2684;12;2444;5;36549;15;0;0
CATALUNYA;GLOBAL;2020-07-04;2020-07-10;No;86.8586;1.79104;48.4960;32.9375;2551;473.9858;36695;15;6.5104;226;31;11;2540;11;2311;5;35560;14;0;0
CATALUNYA;GLOBAL;2020-07-03;2020-07-09;No;74.6184;1.72615;43.2281;28.9478;2242;457.1361;35394;11;5.5607;204;27;12;2233;9;1900;4;34230;10;0;0
CATALUNYA;GLOBAL;2020-07-02;2020-07-08;No;63.5569;1.64851;38.5541;25.1260;1946;441.5389;34184;13;5.0050;189;23;13;1939;7;1649;3;32995;12;0;0
CATALUNYA;GLOBAL;2020-07-01;2020-07-07;No;54.7277;1.65443;33.0795;22.2854;1726;429.5698;33248;22;4.5484;171;18;17;1715;11;1454;5;32056;21;0;0
CATALUNYA;GLOBAL;2020-06-30;2020-07-06;No;48.6942;1.66212;29.2964;19.4319;1505;420.7899;32571;19;4.0328;149;18;18;1494;11;1261;4;31349;19;0;0
CATALUNYA;GLOBAL;2020-06-29;2020-07-05;No;44.0989;1.69417;26.0298;17.2757;1338;421.5646;32635;15;3.8061;147;16;18;1330;8;1191;4;31382;15;0;0
CATALUNYA;GLOBAL;2020-06-28;2020-07-04;No;42.0621;1.68618;24.9452;16.4623;1275;421.4742;32629;14;3.6941;141;12;18;1268;7;1157;3;31387;14;0;0
CATALUNYA;GLOBAL;2020-06-27;2020-07-03;No;40.4367;1.6993;23.7961;15.5585;1205;424.8571;32889;16;3.4995;143;12;17;1198;7;1104;3;31617;16;0;0
CATALUNYA;GLOBAL;2020-06-26;2020-07-02;No;35.3402;1.64587;21.4720;14.2802;1106;429.9442;33281;18;3.1579;141;15;16;1097;9;1005;3;31902;18;0;0
CATALUNYA;GLOBAL;2020-06-25;2020-07-01;No;31.8176;1.59293;19.9742;13.4280;1040;415.1217;32136;15;2.7802;146;14;17;1032;8;853;3;30774;15;0;0
CATALUNYA;GLOBAL;2020-06-24;2020-06-30;No;26.2147;1.49729;17.5081;10.7941;836;367.3099;28442;6;2.5259;136;11;10;832;4;687;1;27232;6;0;0
CATALUNYA;GLOBAL;2020-06-23;2020-06-29;No;23.4109;1.44475;16.2040;9.8644;764;367.4778;28455;6;2.3149;143;13;7;761;3;629;0;27166;6;0;0
CATALUNYA;GLOBAL;2020-06-22;2020-06-28;No;20.7382;1.38343;14.9903;8.7540;678;358.4009;27749;9;2.2906;142;16;11;675;3;606;0;26447;9;0;0
CATALUNYA;GLOBAL;2020-06-21;2020-06-27;No;19.3793;1.34371;14.4222;8.4829;657;356.3092;27585;11;2.1868;138;16;13;653;4;574;0;26237;11;0;0
CATALUNYA;GLOBAL;2020-06-20;2020-06-26;No;17.91;1.27376;14.0607;8.2376;638;354.9922;27481;13;2.1800;129;14;14;634;4;568;0;26042;13;0;0
CATALUNYA;GLOBAL;2020-06-19;2020-06-25;No;15.8072;1.20261;13.1440;7.1917;557;342.3518;26501;14;1.9140;121;11;15;553;4;479;1;25064;14;0;0
CATALUNYA;GLOBAL;2020-06-18;2020-06-24;No;14.3321;1.18087;12.1369;6.5461;507;359.6921;27842;16;1.8708;123;14;17;501;6;490;1;26230;16;0;0
CATALUNYA;GLOBAL;2020-06-17;2020-06-23;No;14.8661;1.15137;12.9116;6.7140;520;406.7550;31484;19;1.6881;137;18;20;511;9;499;1;29601;18;0;0
CATALUNYA;GLOBAL;2020-06-16;2020-06-22;No;13.9283;1.10301;12.6275;6.3396;491;408.9628;31653;21;1.5339;132;16;20;482;9;456;1;29774;20;0;0
CATALUNYA;GLOBAL;2020-06-15;2020-06-21;No;13.3325;1.06016;12.5759;6.2363;483;423.4626;32778;19;1.4472;122;14;22;473;10;445;1;30800;18;0;0
CATALUNYA;GLOBAL;2020-06-14;2020-06-20;No;12.8258;1.03045;12.4468;5.9393;460;423.0365;32744;20;1.3855;126;15;27;450;10;425;2;30800;19;0;0
CATALUNYA;GLOBAL;2020-06-13;2020-06-19;No;12.0761;0.961241;12.5630;5.8231;451;424.8441;32887;17;1.3084;127;15;26;441;10;403;2;30937;16;0;0
CATALUNYA;GLOBAL;2020-06-12;2020-06-18;No;11.94;0.879871;13.5701;5.9522;461;441.4227;34174;14;1.2996;135;19;26;451;10;415;1;31997;13;0;0
CATALUNYA;GLOBAL;2020-06-11;2020-06-17;No;11.3281;0.819192;13.8283;5.5907;433;448.8081;34745;15;1.2077;128;19;24;423;10;392;1;32528;14;0;0
CATALUNYA;GLOBAL;2020-06-10;2020-06-16;No;11.6613;0.801388;14.5514;6.1975;480;461.0483;35696;12;1.3715;116;17;25;473;7;456;1;33309;12;0;0
CATALUNYA;GLOBAL;2020-06-09;2020-06-15;No;11.7256;0.789006;14.8612;6.2879;487;462.7139;35828;9;1.3754;119;18;27;480;7;458;1;33364;9;0;0
CATALUNYA;GLOBAL;2020-06-08;2020-06-14;No;11.7884;0.805124;14.6417;6.3396;491;466.5874;36128;9;1.3434;129;20;32;485;6;450;2;33637;9;0;0
CATALUNYA;GLOBAL;2020-06-07;2020-06-13;No;12.975;0.865557;14.9903;6.5074;504;472.6301;36598;7;1.3682;131;25;31;498;6;464;2;34053;7;0;0
CATALUNYA;GLOBAL;2020-06-06;2020-06-12;No;14.713;0.937104;15.7005;6.7398;522;483.3984;37434;5;1.4175;138;31;34;516;6;492;2;34846;5;0;0
CATALUNYA;GLOBAL;2020-06-05;2020-06-11;No;16.0965;0.970168;16.5914;7.6178;590;496.3875;38440;5;1.6026;149;27;34;585;5;571;2;35749;5;0;0
CATALUNYA;GLOBAL;2020-06-04;2020-06-10;No;17.1723;0.97865;17.5469;8.2376;638;508.8472;39404;6;1.6983;152;29;35;633;5;617;3;36502;6;0;0
CATALUNYA;GLOBAL;2020-06-03;2020-06-09;No;17.4808;0.966367;18.0891;8.3538;647;518.5438;40148;13;1.6800;165;27;35;640;7;621;3;37129;13;0;0
CATALUNYA;GLOBAL;2020-06-02;2020-06-08;No;18.0699;0.945614;19.1092;8.5733;664;512.0622;39631;28;1.7110;172;26;35;657;7;624;3;36620;26;0;0
CATALUNYA;GLOBAL;2020-06-01;2020-06-07;No;18.5933;0.919567;20.2196;8.3021;643;487.9691;37735;58;1.7758;171;25;27;635;8;618;3;34914;56;0;0
CATALUNYA;GLOBAL;2020-05-31;2020-06-06;No;18.131;0.855198;21.2008;8.4829;657;499.3313;38608;65;1.7708;174;20;27;650;7;632;2;35740;63;0;0
CATALUNYA;GLOBAL;2020-05-30;2020-06-05;No;16.7804;0.781499;21.4720;8.9606;694;516.2197;39916;65;1.8117;171;18;24;686;8;669;2;36974;63;0;0
CATALUNYA;GLOBAL;2020-05-29;2020-06-04;No;16.7378;0.760316;22.0143;8.9735;695;519.2411;40122;93;1.7486;169;22;31;684;11;648;3;37140;90;0;0
CATALUNYA;GLOBAL;2020-05-28;2020-06-03;No;18.0392;0.765971;23.5508;9.3092;721;532.8628;41151;119;1.7621;170;19;36;710;11;671;4;38191;116;0;0
CATALUNYA;GLOBAL;2020-05-27;2020-06-02;No;19.067;0.793516;24.0285;9.7353;754;531.9332;41057;141;1.8131;167;21;40;742;12;689;5;38141;137;0;0
CATALUNYA;GLOBAL;2020-05-26;2020-06-01;No;21.1251;0.833484;25.3455;10.5358;816;554.4252;42789;151;1.9254;168;28;47;803;13;761;5;39635;149;0;0
CATALUNYA;GLOBAL;2020-05-25;2020-05-31;No;23.4065;0.865309;27.0498;11.9174;923;594.7224;45918;143;2.0221;170;32;53;902;21;856;4;42388;141;0;0
CATALUNYA;GLOBAL;2020-05-24;2020-05-30;No;24.1424;0.891662;27.0756;12.7179;985;602.7018;46524;155;2.1460;169;31;56;964;21;921;4;42952;152;0;0
CATALUNYA;GLOBAL;2020-05-23;2020-05-29;No;25.7022;0.945217;27.1918;12.5113;969;601.5139;46402;185;2.0820;170;27;67;948;21;892;5;42904;180;0;0
CATALUNYA;GLOBAL;2020-05-22;2020-05-28;No;28.6171;1.05191;27.2047;13.0407;1010;601.3203;46391;181;2.1748;163;29;69;987;23;933;5;42955;176;0;0
CATALUNYA;GLOBAL;2020-05-21;2020-05-27;No;30.8994;1.14014;27.1015;14.2415;1103;606.3816;46784;180;2.4061;191;32;77;1077;26;1042;3;43258;174;0;0
CATALUNYA;GLOBAL;2020-05-20;2020-05-26;No;32.5651;1.20103;27.1144;14.2931;1107;610.0098;47061;184;2.3577;206;35;86;1080;27;1027;4;43551;178;0;0
CATALUNYA;GLOBAL;2020-05-19;2020-05-25;No;33.5891;1.23644;27.1660;14.8096;1147;618.6864;47729;188;2.4542;215;28;96;1119;28;1082;6;44153;180;0;0
CATALUNYA;GLOBAL;2020-05-18;2020-05-24;No;33.8595;1.24461;27.2047;15.1324;1172;623.6186;48121;178;2.4682;227;30;101;1148;24;1097;6;44518;170;0;0
CATALUNYA;GLOBAL;2020-05-17;2020-05-23;No;32.8108;1.23;26.6754;14.3577;1112;610.6425;47113;181;2.3879;228;33;107;1087;25;1037;7;43548;173;0;0
CATALUNYA;GLOBAL;2020-05-16;2020-05-22;No;31.9329;1.18618;26.9207;14.6805;1137;613.8445;47374;168;2.4782;232;35;107;1109;28;1079;9;43740;162;0;0
CATALUNYA;GLOBAL;2020-05-15;2020-05-21;No;29.3531;1.11989;26.2106;14.1640;1097;595.1227;45923;169;2.4626;254;34;114;1072;25;1036;10;42313;163;0;0
CATALUNYA;GLOBAL;2020-05-14;2020-05-20;No;26.811;1.09175;24.5579;12.8599;996;582.1336;44936;150;2.2009;247;34;110;970;26;901;12;41338;145;0;0
CATALUNYA;GLOBAL;2020-05-13;2020-05-19;No;26.7054;1.08802;24.5450;12.8212;993;568.7571;43906;144;2.2589;261;36;110;963;30;896;15;40191;139;0;0
CATALUNYA;GLOBAL;2020-05-12;2020-05-18;No;26.0287;1.08675;23.9510;12.3564;957;539.9126;41677;139;2.1825;277;44;112;921;36;813;19;37987;135;0;0
CATALUNYA;GLOBAL;2020-05-11;2020-05-17;No;25.4409;1.09163;23.3054;12.0723;935;519.9770;40090;182;2.2307;294;39;117;895;40;784;29;36273;173;0;0
CATALUNYA;GLOBAL;2020-05-10;2020-05-16;No;25.8905;1.10358;23.4604;12.3176;954;514.3217;39628;206;2.2663;308;42;126;907;47;781;35;35812;194;0;0
CATALUNYA;GLOBAL;2020-05-09;2020-05-15;No;25.7327;1.09746;23.4475;12.2402;948;497.8723;38329;231;2.2530;331;43;124;901;47;749;34;34536;218;0;0
CATALUNYA;GLOBAL;2020-05-08;2020-05-14;No;25.1256;1.08713;23.1118;12.0465;933;484.3667;37274;240;2.1871;337;48;131;883;50;700;33;33288;227;0;0
CATALUNYA;GLOBAL;2020-05-07;2020-05-13;No;24.8938;1.03545;24.0414;11.6979;906;466.4712;35841;287;2.2617;344;50;154;857;49;687;37;31739;273;0;0
CATALUNYA;GLOBAL;2020-05-06;2020-05-12;No;24.7973;0.966552;25.6554;11.7237;908;470.1381;36104;308;2.2202;359;45;169;857;51;673;39;31775;294;0;0
CATALUNYA;GLOBAL;2020-05-05;2020-05-11;No;23.9234;0.8964;26.6883;11.5946;898;465.9160;35757;328;2.1871;379;42;189;846;52;652;40;31329;311;0;0
CATALUNYA;GLOBAL;2020-05-04;2020-05-10;No;23.4349;0.849331;27.5921;11.2331;870;463.9406;35623;309;2.1503;383;42;204;820;50;641;32;31001;297;0;0
CATALUNYA;GLOBAL;2020-05-03;2020-05-09;No;22.681;0.79847;28.4055;11.1427;863;470.1640;36123;291;2.1352;383;39;217;818;45;649;29;31473;281;0;0
CATALUNYA;GLOBAL;2020-05-02;2020-05-08;No;22.1357;0.75127;29.4643;11.2072;868;469.0277;36045;281;2.1731;374;40;241;824;44;657;29;31297;271;0;0
CATALUNYA;GLOBAL;2020-05-01;2020-05-07;No;22.136;0.678712;32.6147;11.0652;857;451.6745;34691;291;2.2954;368;32;240;815;42;671;30;30261;279;0;0
CATALUNYA;GLOBAL;2020-04-30;2020-05-06;No;23.4568;0.656803;35.7135;12.3435;956;470.8095;36188;276;2.4358;321;23;244;913;43;749;27;31593;265;0;0
CATALUNYA;GLOBAL;2020-04-29;2020-05-05;No;25.4538;0.641937;39.6516;13.9316;1079;472.5268;36322;275;2.7236;251;20;251;1030;49;846;28;31825;265;0;0
CATALUNYA;GLOBAL;2020-04-28;2020-05-04;No;27.5366;0.643931;42.7633;15.0936;1169;488.8858;37578;286;3.0221;175;13;259;1112;57;971;30;32846;277;0;0
CATALUNYA;GLOBAL;2020-04-27;2020-05-03;No;30.4365;0.646011;47.1145;16.3590;1267;486.0969;37337;311;3.2322;116;9;264;1200;67;1033;32;32654;296;0;0
CATALUNYA;GLOBAL;2020-04-26;2020-05-02;No;32.7857;0.671756;48.8059;17.2628;1337;500.1577;38417;320;3.3463;82;6;284;1268;69;1105;32;33672;306;0;0
CATALUNYA;GLOBAL;2020-04-25;2020-05-01;No;35.4913;0.698547;50.8072;18.2570;1414;511.0680;39259;323;3.5484;46;2;303;1341;73;1196;37;34438;310;0;0
CATALUNYA;GLOBAL;2020-04-24;2020-04-30;No;41.77;0.747647;55.8686;21.5495;1669;536.4264;41164;382;4.0943;0;0;340;1581;88;1432;48;35789;359;0;0
CATALUNYA;GLOBAL;2020-04-23;2020-04-29;No;45.7703;0.768789;59.5355;23.3700;1810;522.4431;40067;396;4.7333;0;0;357;1716;94;1610;51;34721;371;0;0
CATALUNYA;GLOBAL;2020-04-22;2020-04-28;No;50.3404;0.799762;62.9441;25.7199;1992;520.0028;39845;429;5.4657;0;0;374;1900;92;1844;56;34362;400;0;0
CATALUNYA;GLOBAL;2020-04-21;2020-04-27;No;55.5086;0.818257;67.8376;27.6696;2143;502.1977;38445;450;6.1951;0;0;398;2043;100;2013;61;33056;422;0;0
CATALUNYA;GLOBAL;2020-04-20;2020-04-26;No;59.3649;0.841315;70.5620;30.7554;2382;499.7058;38261;441;7.0360;0;0;436;2273;109;2258;74;32728;416;0;0
CATALUNYA;GLOBAL;2020-04-19;2020-04-25;No;61.9243;0.847802;73.0410;31.5431;2443;485.7225;37155;464;7.5673;0;0;450;2324;119;2339;83;31568;438;0;0
CATALUNYA;GLOBAL;2020-04-18;2020-04-24;No;65.4379;0.860903;76.0107;32.5502;2521;473.6759;36213;473;8.0549;0;0;465;2398;123;2413;89;30615;447;0;0
CATALUNYA;GLOBAL;2020-04-17;2020-04-23;No;67.0784;0.859988;77.9991;34.3191;2658;455.0832;34779;467;8.9261;0;0;498;2527;131;2561;98;29337;452;0;0
CATALUNYA;GLOBAL;2020-04-16;2020-04-22;No;71.9281;0.862888;83.3574;36.1654;2801;439.7829;33559;502;9.9003;0;0;526;2654;147;2726;115;28207;489;0;0
CATALUNYA;GLOBAL;2020-04-15;2020-04-21;No;74.4667;0.850776;87.5279;37.2242;2883;418.0526;31859;519;10.8583;0;0;559;2711;172;2798;132;26474;510;0;0
CATALUNYA;GLOBAL;2020-04-14;2020-04-20;No;77.9145;0.84516;92.1890;40.1680;3111;405.1410;30790;588;11.9961;0;0;592;2915;196;2955;152;25330;570;0;0
CATALUNYA;GLOBAL;2020-04-13;2020-04-19;No;82.4249;0.828954;99.4324;39.8065;3083;380.2086;28773;674;12.6125;0;0;600;2882;201;2921;163;23797;655;0;0
CATALUNYA;GLOBAL;2020-04-12;2020-04-18;No;83.155;0.812146;102.3892;41.4979;3214;377.1357;28510;699;13.2521;0;0;627;3009;205;3030;177;23518;682;0;0
CATALUNYA;GLOBAL;2020-04-11;2020-04-17;No;82.8014;0.781684;105.9269;43.4605;3366;371.1189;28014;729;14.1288;0;0;674;3143;223;3172;186;23055;712;0;0
CATALUNYA;GLOBAL;2020-04-10;2020-04-16;No;85.07;0.763369;111.4402;43.6800;3383;348.5364;26151;843;15.1594;0;0;706;3141;242;3186;205;21551;818;0;0
CATALUNYA;GLOBAL;2020-04-09;2020-04-15;No;89.5532;0.75554;118.5287;47.1919;3655;349.3886;26117;943;16.3078;0;0;780;3384;271;3436;230;21569;911;0;0
CATALUNYA;GLOBAL;2020-04-08;2020-04-14;No;95.8451;0.765354;125.2298;50.3037;3896;349.8534;26105;991;17.4051;0;0;833;3621;275;3706;234;21680;957;0;0
CATALUNYA;GLOBAL;2020-04-07;2020-04-13;No;102.587;0.775079;132.3570;52.0209;4029;349.4144;26156;906;18.3803;0;0;873;3776;253;3971;214;21889;880;0;0
CATALUNYA;GLOBAL;2020-04-06;2020-04-12;No;115.656;0.783065;147.6961;59.6258;4618;361.7321;27244;772;19.8437;0;0;950;4375;243;4484;188;22794;750;0;0
CATALUNYA;GLOBAL;2020-04-05;2020-04-11;No;119.261;0.777302;153.4288;60.8912;4716;359.5242;27158;687;20.4867;0;0;1000;4491;225;4637;162;22760;665;0;0
CATALUNYA;GLOBAL;2020-04-04;2020-04-10;No;122.092;0.76295;160.0267;62.4664;4838;358.8915;27183;613;21.4838;0;0;1048;4639;199;4890;140;22822;591;0;0
CATALUNYA;GLOBAL;2020-04-03;2020-04-09;No;127.872;0.747723;171.0145;67.7602;5248;370.5895;28300;402;22.7548;0;0;1108;5094;154;5432;99;23917;390;0;0
CATALUNYA;GLOBAL;2020-04-02;2020-04-08;No;133.921;0.737335;181.6278;71.3367;5525;362.2486;27845;211;24.3158;0;0;1156;5425;100;5760;51;23692;206;0;0
CATALUNYA;GLOBAL;2020-04-01;2020-04-07;No;141.804;0.736743;192.4736;74.9261;5803;353.1846;27286;68;25.8396;0;0;1211;5733;70;6075;19;23519;65;0;0
CATALUNYA;GLOBAL;2020-03-31;2020-04-06;No;152.445;0.743457;205.0495;80.3361;6222;349.2078;27037;9;28.2392;0;0;1317;6180;42;6686;5;23685;9;0;0
CATALUNYA;GLOBAL;2020-03-30;2020-04-05;No;166.004;0.756244;219.5105;88.0702;6821;357.4454;27679;5;29.6207;0;0;1415;6796;25;7251;4;24488;5;0;0
CATALUNYA;GLOBAL;2020-03-29;2020-04-04;No;174.139;0.772759;225.3466;92.5376;7167;367.5811;28464;5;30.7964;0;0;1494;7142;25;7753;4;25183;5;0;0
CATALUNYA;GLOBAL;2020-03-28;2020-04-03;No;185.637;0.803483;231.0406;97.5602;7556;374.9020;29030;6;32.4686;0;0;1560;7531;25;8381;5;25822;6;0;0
CATALUNYA;GLOBAL;2020-03-27;2020-04-02;No;204.346;0.857014;238.4390;103.2542;7997;365.8251;28324;9;34.6833;0;0;1611;7971;26;8787;8;25349;9;0;0
CATALUNYA;GLOBAL;2020-03-26;2020-04-01;No;223.155;0.920107;242.5320;110.2911;8542;360.6863;27925;10;37.3787;0;0;1628;8516;26;9425;9;25229;10;0;0
CATALUNYA;GLOBAL;2020-03-25;2020-03-31;No;242.749;0.987489;245.8244;117.5474;9104;357.3163;27665;9;39.4272;0;0;1644;9089;15;9932;8;25202;9;0;0
CATALUNYA;GLOBAL;2020-03-24;2020-03-30;No;260.571;1.06576;244.4945;124.7134;9659;350.7701;27158;9;41.0460;0;0;1571;9641;18;10225;9;24924;9;0;0
CATALUNYA;GLOBAL;2020-03-23;2020-03-29;No;272.323;1.13498;239.9367;131.4403;10180;335.3924;25968;8;42.2903;0;0;1463;10165;15;10170;8;24059;8;0;0
CATALUNYA;GLOBAL;2020-03-22;2020-03-28;No;286.169;1.21318;235.8825;132.8090;10286;328.2006;25412;7;42.6819;0;0;1349;10272;14;10118;7;23715;7;0;0
CATALUNYA;GLOBAL;2020-03-21;2020-03-27;No;305.62;1.33722;228.5487;133.4804;10338;318.9301;24695;6;42.9768;0;0;1210;10327;11;9944;6;23146;6;0;0
CATALUNYA;GLOBAL;2020-03-20;2020-03-26;No;345.37;1.5868;217.6513;135.1847;10470;310.2147;24023;3;43.2213;0;0;1059;10460;10;9797;3;22671;3;0;0
CATALUNYA;GLOBAL;2020-03-19;2020-03-25;No;369.43;1.8306;201.8087;132.2408;10242;299.2915;23178;2;42.1366;0;0;896;10233;9;9271;2;22005;2;0;0
CATALUNYA;GLOBAL;2020-03-18;2020-03-24;No;388.213;2.11471;183.5775;128.2770;9935;284.0945;22001;2;40.9784;0;0;746;9926;9;8592;2;20970;2;0;0
CATALUNYA;GLOBAL;2020-03-17;2020-03-23;No;406.107;2.48658;163.3191;119.7811;9277;263.9136;20438;2;38.9775;0;0;603;9270;7;7622;2;19558;2;0;0
CATALUNYA;GLOBAL;2020-03-16;2020-03-22;No;405.4;2.96964;136.5146;108.4964;8403;246.8574;19117;2;37.4128;0;0;478;8397;6;6864;2;18350;2;0;0
CATALUNYA;GLOBAL;2020-03-15;2020-03-21;No;440.424;3.51222;125.3977;103.0735;7983;237.3544;18381;2;35.9704;0;0;395;7977;6;6359;2;17682;2;0;0
CATALUNYA;GLOBAL;2020-03-14;2020-03-20;No;448.315;3.96368;113.1058;95.0683;7363;224.2362;17365;2;33.1662;0;0;332;7357;6;5553;2;16747;2;0;0
CATALUNYA;GLOBAL;2020-03-13;2020-03-19;No;395.926;4.23306;93.5318;82.4665;6387;204.1715;15810;3;29.6858;0;0;265;6381;6;4541;3;15304;3;0;0
CATALUNYA;GLOBAL;2020-03-12;2020-03-18;No;344.872;4.52026;76.2948;69.5678;5388;174.1003;13478;6;27.1990;0;0;218;5384;4;3553;3;13068;6;0;0
CATALUNYA;GLOBAL;2020-03-11;2020-03-17;No;283.094;4.76228;59.4451;55.3005;4283;143.2028;11086;5;25.3253;0;0;160;4281;2;2723;2;10755;5;0;0
CATALUNYA;GLOBAL;2020-03-10;2020-03-16;No;224.735;4.92241;45.6555;43.5380;3372;115.1458;8913;5;23.5614;0;0;126;3370;2;2033;2;8632;5;0;0
CATALUNYA;GLOBAL;2020-03-09;2020-03-15;No;144.758;4.99841;28.9607;28.0182;2170;88.6124;6857;6;21.1359;0;0;103;2167;3;1400;3;6632;6;0;0
CATALUNYA;GLOBAL;2020-03-08;2020-03-14;No;105.487;4.54135;23.2280;22.3242;1729;70.1230;5425;6;18.8640;0;0;76;1726;3;990;3;5258;6;0;0
CATALUNYA;GLOBAL;2020-03-07;2020-03-13;No;;;18.7864;18.0375;1397;49.5290;3830;6;18.7267;0;0;50;1394;3;700;3;3748;6;0;0
CATALUNYA;GLOBAL;2020-03-06;2020-03-12;No;;;11.6462;11.0652;857;25.9265;2003;5;19.7669;0;0;30;855;2;388;2;1968;5;0;0
CATALUNYA;GLOBAL;2020-03-05;2020-03-11;No;;;7.0626;6.7269;521;14.0865;1088;3;17.2414;0;0;17;519;2;183;2;1070;3;0;0
CATALUNYA;GLOBAL;2020-03-04;2020-03-10;No;;;4.3899;4.1446;321;8.4054;648;3;14.9533;0;0;12;319;2;94;2;639;3;0;0
CATALUNYA;GLOBAL;2020-03-03;2020-03-09;No;;;2.2466;2.1175;164;4.7773;368;2;8.2418;0;0;9;163;1;29;1;362;2;0;0
CATALUNYA;GLOBAL;2020-03-02;2020-03-08;No;;;1.0200;0.9425;73;3.9767;306;2;5.2805;0;0;5;73;0;16;0;301;2;0;0
CATALUNYA;GLOBAL;2020-03-01;2020-03-07;No;;;0.9038;0.9038;70;3.6281;279;2;4.3321;0;0;2;70;0;12;0;275;2;0;0
CATALUNYA;GLOBAL;2020-02-29;2020-03-06;No;;;0.7488;0.7488;58;2.6081;200;2;5.0505;0;0;0;58;0;10;0;196;2;0;0
CATALUNYA;GLOBAL;2020-02-28;2020-03-05;No;;;0.5810;0.5810;45;1.8850;144;2;5.5556;0;0;0;45;0;8;0;142;2;0;0
CATALUNYA;GLOBAL;2020-02-27;2020-03-04;No;;;0.3357;0.3357;26;1.4073;108;1;2.7523;0;0;0;26;0;3;0;108;1;0;0
CATALUNYA;GLOBAL;2020-02-26;2020-03-03;No;;;0.2453;0.2453;19;1.0587;81;1;2.4390;0;0;0;19;0;2;0;81;1;0;0
CATALUNYA;GLOBAL;2020-02-25;2020-03-02;No;;;0.1291;0.1291;10;0.7230;55;1;3.5714;0;0;0;10;0;2;0;55;1;0;0
CATALUNYA;GLOBAL;2020-02-24;2020-03-01;No;;;0.0774;0.0774;6;0.2711;21;0;0.0000;0;0;0;6;0;0;0;21;0;0;0
